Game,Date,Competition,Home team,Result,Away team,Lineup,Minutes,Goals,Assists,Cards,Jersey
1021,15-04-2023,Ligue 1,Paris Saint-Germain,3-1,RC Lens,Starter,90,1,0,0,30
1020,08-04-2023,Ligue 1,OGC Nice,0-2,Paris Saint-Germain,Starter,90,1,1,0,30
1019,02-04-2023,Ligue 1,Paris Saint-Germain,0-1,Olympique Lyonnais,Starter,90,0,0,0,30
1018,28-03-2023,International friendly,Argentina,7-0,Curaçao,Starter,90,3,1,0,10
1017,24-03-2023,International friendly,Argentina,2-0,Panama,Starter,90,1,0,0,10
1016,19-03-2023,Ligue 1,Paris Saint-Germain,0-2,Stade Rennais FC,Starter,90,0,0,0,30
1015,11-03-2023,Ligue 1,Stade Brestois 29,1-2,Paris Saint-Germain,Starter,90,0,1,0,30
1014,08-03-2023,UEFA Champions League,Bayern München,2-0,Paris Saint-Germain,Starter,90,0,0,0,30
1013,04-03-2023,Ligue 1,Paris Saint-Germain,4-2,FC Nantes,Starter,90,1,0,0,30
1012,26-02-2023,Ligue 1,Olympique Marseille,0-3,Paris Saint-Germain,Starter,90,1,2,0,30
1011,19-02-2023,Ligue 1,Paris Saint-Germain,4-3,Lille OSC,Starter,90,1,0,0,30
1010,15-02-2023,UEFA Champions League,Paris Saint-Germain,0-1,Bayern München,Starter,90,0,0,0,30
1009,08-02-2023,Coupe de France,Olympique Marseille,2-1,Paris Saint-Germain,Starter,90,0,0,0,30
1008,04-02-2023,Ligue 1,Paris Saint-Germain,2-1,Toulouse FC,Starter,90,1,0,0,30
1007,01-02-2023,Ligue 1,Montpellier Hérault SC,1-3,Paris Saint-Germain,Starter,90,1,0,0,30
1006,29-01-2023,Ligue 1,Paris Saint-Germain,1-1,Stade de Reims,Starter,90,0,0,0,30
1005,15-01-2023,Ligue 1,Stade Rennais FC,1-0,Paris Saint-Germain,Starter,90,0,0,0,30
1004,11-01-2023,Ligue 1,Paris Saint-Germain,2-0,Angers SCO,Starter,90,1,0,0,30
1003,18-12-2022,World Cup 2022,Argentina,3-3,France,Starter,120,2,0,0,10
1002,13-12-2022,World Cup 2022,Argentina,3-0,Croatia,Starter,90,1,1,0,10
1001,09-12-2022,World Cup 2022,Netherlands,2-2,Argentina,Starter,120,1,1,1,10
1000,03-12-2022,World Cup 2022,Argentina,2-1,Australia,Starter,90,1,0,0,10
999,30-11-2022,World Cup 2022,Poland,0-2,Argentina,Starter,90,0,0,0,10
998,26-11-2022,World Cup 2022,Argentina,2-0,Mexico,Starter,90,1,1,0,10
997,22-11-2022,World Cup 2022,Argentina,1-2,Saudi Arabia,Starter,90,1,0,0,10
996,16-11-2022,International friendly,United Arab Emirates,0-5,Argentina,Starter,90,1,1,0,10
995,13-11-2022,Ligue 1,Paris Saint-Germain,5-0,AJ Auxerre,Starter,74,0,0,0,30
994,02-11-2022,UEFA Champions League,Juventus,1-2,Paris Saint-Germain,Starter,90,0,1,0,30
993,29-10-2022,Ligue 1,Paris Saint-Germain,4-3,ES Troyes AC,Starter,90,1,1,0,30
992,25-10-2022,UEFA Champions League,Paris Saint-Germain,7-2,Maccabi Haifa,Starter,90,2,2,0,30
991,21-10-2022,Ligue 1,AC Ajaccio,0-3,Paris Saint-Germain,Starter,90,1,2,0,30
990,16-10-2022,Ligue 1,Paris Saint-Germain,1-0,Olympique Marseille,Starter,78,0,0,0,30
989,05-10-2022,UEFA Champions League,Benfica,1-1,Paris Saint-Germain,Starter,80,1,0,0,30
988,01-10-2022,Ligue 1,Paris Saint-Germain,2-1,OGC Nice,Starter,87,1,0,0,30
987,27-09-2022,International friendly,Argentina,3-0,Jamaica,Substitute,35,2,0,0,10
986,23-09-2022,International friendly,Argentina,3-0,Honduras,Starter,90,2,0,0,10
985,18-09-2022,Ligue 1,Olympique Lyonnais,0-1,Paris Saint-Germain,Starter,90,1,0,0,30
984,14-09-2022,UEFA Champions League,Maccabi Haifa,1-3,Paris Saint-Germain,Starter,90,1,1,0,30
983,10-09-2022,Ligue 1,Paris Saint-Germain,1-0,Stade Brestois 29,Starter,90,0,1,0,30
982,06-09-2022,UEFA Champions League,Paris Saint-Germain,2-1,Juventus,Starter,83,0,0,0,30
981,03-09-2022,Ligue 1,FC Nantes,0-3,Paris Saint-Germain,Starter,90,0,2,0,30
980,31-08-2022,Ligue 1,Toulouse FC,0-3,Paris Saint-Germain,Starter,82,0,2,0,30
979,28-08-2022,Ligue 1,Paris Saint-Germain,1-1,AS Monaco FC,Starter,86,0,0,0,30
978,21-08-2022,Ligue 1,Lille OSC,1-7,Paris Saint-Germain,Starter,90,1,1,0,30
977,13-08-2022,Ligue 1,Paris Saint-Germain,5-2,Montpellier Hérault SC,Starter,90,0,0,0,30
976,06-08-2022,Ligue 1,Clermont Foot 63,0-5,Paris Saint-Germain,Starter,90,2,1,0,30
975,31-07-2022,Trophée des Champions,Paris Saint-Germain,4-0,FC Nantes,Starter,90,1,0,0,30
974,05-06-2022,International friendly,Argentina,5-0,Estonia,Starter,90,5,0,0,10
973,01-06-2022,CONMEBOL–UEFA Cup of Champions 2022,Italy,0-3,Argentina,Starter,90,0,2,0,10
972,21-05-2022,Ligue 1,Paris Saint-Germain,5-0,FC Metz,Starter,90,0,1,0,30
971,14-05-2022,Ligue 1,Montpellier Hérault SC,0-4,Paris Saint-Germain,Starter,90,2,0,0,30
970,08-05-2022,Ligue 1,Paris Saint-Germain,2-2,ES Troyes AC,Starter,90,0,0,0,30
969,29-04-2022,Ligue 1,RC Strasbourg Alsace,3-3,Paris Saint-Germain,Starter,90,0,0,0,30
968,23-04-2022,Ligue 1,Paris Saint-Germain,1-1,RC Lens,Starter,90,1,0,0,30
967,17-04-2022,Ligue 1,Paris Saint-Germain,2-1,Olympique Marseille,Starter,90,0,0,0,30
966,09-04-2022,Ligue 1,Clermont Foot 63,1-6,Paris Saint-Germain,Starter,90,0,3,0,30
965,03-04-2022,Ligue 1,Paris Saint-Germain,5-1,FC Lorient,Starter,90,1,0,0,30
964,30-03-2022,World Cup 2022 Qualification,Ecuador,1-1,Argentina,Starter,90,0,0,0,10
963,26-03-2022,World Cup 2022 Qualification,Argentina,3-0,Venezuela,Starter,90,1,0,0,10
962,13-03-2022,Ligue 1,Paris Saint-Germain,3-0,FC Girondins de Bordeaux,Starter,90,0,0,0,30
961,09-03-2022,UEFA Champions League,Real Madrid,3-1,Paris Saint-Germain,Starter,90,0,0,0,30
960,05-03-2022,Ligue 1,OGC Nice,1-0,Paris Saint-Germain,Starter,90,0,0,0,30
959,26-02-2022,Ligue 1,Paris Saint-Germain,3-1,AS Saint-Étienne,Starter,90,0,2,0,30
958,19-02-2022,Ligue 1,FC Nantes,3-1,Paris Saint-Germain,Starter,90,0,1,0,30
957,15-02-2022,UEFA Champions League,Paris Saint-Germain,1-0,Real Madrid,Starter,90,0,0,0,30
956,11-02-2022,Ligue 1,Paris Saint-Germain,1-0,Stade Rennais FC,Starter,90,0,1,0,30
955,06-02-2022,Ligue 1,Lille OSC,1-5,Paris Saint-Germain,Starter,90,1,1,0,30
954,31-01-2022,Coupe de France,Paris Saint-Germain,0-0,OGC Nice,Starter,90,0,0,0,30
953,23-01-2022,Ligue 1,Paris Saint-Germain,4-0,Stade de Reims,Substitute,28,0,1,0,30
952,22-12-2021,Ligue 1,FC Lorient,1-1,Paris Saint-Germain,Starter,90,0,0,0,30
951,12-12-2021,Ligue 1,Paris Saint-Germain,2-0,AS Monaco FC,Starter,90,0,1,0,30
950,07-12-2021,UEFA Champions League,Paris Saint-Germain,4-1,Club Brugge,Starter,90,2,0,0,30
949,04-12-2021,Ligue 1,RC Lens,1-1,Paris Saint-Germain,Starter,90,0,0,0,30
948,01-12-2021,Ligue 1,Paris Saint-Germain,0-0,OGC Nice,Starter,90,0,0,0,30
947,28-11-2021,Ligue 1,AS Saint-Étienne,1-3,Paris Saint-Germain,Starter,90,0,3,0,30
946,24-11-2021,UEFA Champions League,Manchester City,2-1,Paris Saint-Germain,Starter,90,0,0,0,30
945,20-11-2021,Ligue 1,Paris Saint-Germain,3-1,FC Nantes,Starter,90,1,0,0,30
944,16-11-2021,World Cup 2022 Qualification,Argentina,0-0,Brazil,Starter,90,0,0,0,10
943,12-11-2021,World Cup 2022 Qualification,Uruguay,0-1,Argentina,Substitute,15,0,0,0,10
942,29-10-2021,Ligue 1,Paris Saint-Germain,2-1,Lille OSC,Starter,45,0,0,0,30
941,24-10-2021,Ligue 1,Olympique Marseille,0-0,Paris Saint-Germain,Starter,90,0,0,0,30
940,19-10-2021,UEFA Champions League,Paris Saint-Germain,3-2,RB Leipzig,Starter,90,2,0,0,30
939,14-10-2021,World Cup 2022 Qualification,Argentina,1-0,Peru,Starter,90,0,0,0,10
938,10-10-2021,World Cup 2022 Qualification,Argentina,3-0,Uruguay,Starter,90,1,0,0,10
937,08-10-2021,World Cup 2022 Qualification,Paraguay,0-0,Argentina,Starter,90,0,0,0,10
936,03-10-2021,Ligue 1,Stade Rennais FC,2-0,Paris Saint-Germain,Starter,90,0,0,0,30
935,28-09-2021,UEFA Champions League,Paris Saint-Germain,2-0,Manchester City,Starter,90,1,0,0,30
934,19-09-2021,Ligue 1,Paris Saint-Germain,2-1,Olympique Lyonnais,Starter,75,0,0,0,30
933,15-09-2021,UEFA Champions League,Club Brugge,1-1,Paris Saint-Germain,Starter,90,0,0,1,30
932,09-09-2021,World Cup 2022 Qualification,Argentina,3-0,Bolivia,Starter,90,3,0,0,10
931,02-09-2021,World Cup 2022 Qualification,Venezuela,1-3,Argentina,Starter,90,0,0,0,10
930,29-08-2021,Ligue 1,Stade de Reims,0-2,Paris Saint-Germain,Substitute,25,0,0,0,30
929,10-07-2021,Copa América 2021,Argentina,1-0,Brazil,Starter,90,0,0,0,10
928,06-07-2021,Copa América 2021,Argentina,1-1,Colombia,Starter,90,0,1,0,10
927,03-07-2021,Copa América 2021,Argentina,3-0,Ecuador,Starter,90,1,2,0,10
926,28-06-2021,Copa América 2021,Bolivia,1-4,Argentina,Starter,90,2,1,0,10
925,21-06-2021,Copa América 2021,Argentina,1-0,Paraguay,Starter,90,0,0,0,10
924,18-06-2021,Copa América 2021,Argentina,1-0,Uruguay,Starter,90,0,1,0,10
923,14-06-2021,Copa América 2021,Argentina,1-1,Chile,Starter,90,1,0,0,10
922,09-06-2021,World Cup 2022 Qualification,Colombia,2-2,Argentina,Starter,90,0,0,0,10
921,04-06-2021,World Cup 2022 Qualification,Argentina,1-1,Chile,Starter,90,1,0,0,10
920,16-05-2021,La Liga,FC Barcelona,1-2,Celta de Vigo,Starter,90,1,0,0,10
919,11-05-2021,La Liga,Levante,3-3,FC Barcelona,Starter,90,1,0,0,10
918,08-05-2021,La Liga,FC Barcelona,0-0,Atlético Madrid,Starter,90,0,0,0,10
917,02-05-2021,La Liga,Valencia,2-3,FC Barcelona,Starter,90,2,0,0,10
916,29-04-2021,La Liga,FC Barcelona,1-2,Granada,Starter,90,1,0,0,10
915,25-04-2021,La Liga,Villarreal,1-2,FC Barcelona,Starter,90,0,0,0,10
914,22-04-2021,La Liga,FC Barcelona,5-2,Getafe,Starter,90,2,1,0,10
913,17-04-2021,Copa del Rey,Athletic de Bilbao,0-4,FC Barcelona,Starter,90,2,0,0,10
912,10-04-2021,La Liga,Real Madrid,2-1,FC Barcelona,Starter,90,0,0,0,10
911,05-04-2021,La Liga,FC Barcelona,1-0,Real Valladolid,Starter,90,0,0,0,10
910,21-03-2021,La Liga,Real Sociedad,1-6,FC Barcelona,Starter,90,2,1,0,10
909,15-03-2021,La Liga,FC Barcelona,4-1,Huesca,Starter,90,2,1,0,10
908,10-03-2021,UEFA Champions League,Paris Saint-Germain,1-1,FC Barcelona,Starter,90,1,0,0,10
907,06-03-2021,La Liga,Osasuna,0-2,FC Barcelona,Starter,90,0,2,0,10
906,03-03-2021,Copa del Rey,FC Barcelona,3-0,Sevilla,Starter,90,0,0,0,10
905,27-02-2021,La Liga,Sevilla,0-2,FC Barcelona,Starter,90,1,1,1,10
904,24-02-2021,La Liga,FC Barcelona,3-0,Elche,Starter,90,2,0,0,10
903,21-02-2021,La Liga,FC Barcelona,1-1,Cádiz,Starter,90,1,0,0,10
902,16-02-2021,UEFA Champions League,FC Barcelona,1-4,Paris Saint-Germain,Starter,90,1,0,0,10
901,13-02-2021,La Liga,FC Barcelona,5-1,Alavés,Starter,90,2,1,0,10
900,10-02-2021,Copa del Rey,Sevilla,2-0,FC Barcelona,Starter,90,0,0,0,10
899,07-02-2021,La Liga,Real Betis,2-3,FC Barcelona,Substitute,34,1,0,0,10
898,03-02-2021,Copa del Rey,Granada,3-5,FC Barcelona,Starter,90,0,1,1,10
897,31-01-2021,La Liga,FC Barcelona,2-1,Athletic de Bilbao,Starter,90,1,0,0,10
896,27-01-2021,Copa del Rey,Rayo Vallecano,1-2,FC Barcelona,Starter,90,1,0,0,10
895,17-01-2021,Spanish Super Cup,FC Barcelona,2-3,Athletic de Bilbao,Starter,119,0,0,1,10
894,09-01-2021,La Liga,Granada,0-4,FC Barcelona,Starter,64,2,0,0,10
893,06-01-2021,La Liga,Athletic de Bilbao,2-3,FC Barcelona,Starter,90,2,0,0,10
892,03-01-2021,La Liga,Huesca,0-1,FC Barcelona,Starter,90,0,1,0,10
891,22-12-2020,La Liga,Real Valladolid,0-3,FC Barcelona,Starter,90,1,1,0,10
890,19-12-2020,La Liga,FC Barcelona,2-2,Valencia,Starter,90,1,0,0,10
889,16-12-2020,La Liga,FC Barcelona,2-1,Real Sociedad,Starter,90,0,0,0,10
888,13-12-2020,La Liga,FC Barcelona,1-0,Levante,Starter,90,1,0,0,10
887,08-12-2020,UEFA Champions League,FC Barcelona,0-3,Juventus,Starter,90,0,0,0,10
886,05-12-2020,La Liga,Cádiz,2-1,FC Barcelona,Starter,90,0,0,0,10
885,29-11-2020,La Liga,FC Barcelona,4-0,Osasuna,Starter,90,1,0,1,10
884,21-11-2020,La Liga,Atlético Madrid,1-0,FC Barcelona,Starter,90,0,0,0,10
883,18-11-2020,World Cup 2022 Qualification,Peru,0-2,Argentina,Starter,90,0,0,0,10
882,12-11-2020,World Cup 2022 Qualification,Argentina,1-1,Paraguay,Starter,90,0,0,0,10
881,07-11-2020,La Liga,FC Barcelona,5-2,Real Betis,Substitute,45,2,0,0,10
880,04-11-2020,UEFA Champions League,FC Barcelona,2-1,Dynamo Kyiv,Starter,90,1,0,0,10
879,31-10-2020,La Liga,Alavés,1-1,FC Barcelona,Starter,90,0,0,1,10
878,28-10-2020,UEFA Champions League,Juventus,0-2,FC Barcelona,Starter,90,1,1,0,10
877,24-10-2020,La Liga,FC Barcelona,1-3,Real Madrid,Starter,90,0,0,1,10
876,20-10-2020,UEFA Champions League,FC Barcelona,5-1,Ferencváros,Starter,90,1,1,0,10
875,17-10-2020,La Liga,Getafe,1-0,FC Barcelona,Starter,90,0,0,0,10
874,13-10-2020,World Cup 2022 Qualification,Bolivia,1-2,Argentina,Starter,90,0,0,0,10
873,09-10-2020,World Cup 2022 Qualification,Argentina,1-0,Ecuador,Starter,90,1,0,0,10
872,04-10-2020,La Liga,FC Barcelona,1-1,Sevilla,Starter,90,0,0,0,10
871,01-10-2020,La Liga,Celta de Vigo,0-3,FC Barcelona,Starter,90,0,0,0,10
870,27-09-2020,La Liga,FC Barcelona,4-0,Villarreal,Starter,90,1,0,0,10
869,14-08-2020,UEFA Champions League,FC Barcelona,2-8,Bayern München,Starter,90,0,0,0,10
868,08-08-2020,UEFA Champions League,FC Barcelona,3-1,Napoli,Starter,90,1,0,0,10
867,19-07-2020,La Liga,Alavés,0-5,FC Barcelona,Starter,90,2,1,0,10
866,16-07-2020,La Liga,FC Barcelona,1-2,Osasuna,Starter,90,1,0,0,10
865,11-07-2020,La Liga,Real Valladolid,0-1,FC Barcelona,Starter,90,0,1,0,10
864,08-07-2020,La Liga,FC Barcelona,1-0,Espanyol,Starter,90,0,0,0,10
863,05-07-2020,La Liga,Villarreal,1-4,FC Barcelona,Starter,90,0,2,0,10
862,30-06-2020,La Liga,FC Barcelona,2-2,Atlético Madrid,Starter,90,1,0,1,10
861,27-06-2020,La Liga,Celta de Vigo,2-2,FC Barcelona,Starter,90,0,2,0,10
860,23-06-2020,La Liga,FC Barcelona,1-0,Athletic de Bilbao,Starter,90,0,1,0,10
859,19-06-2020,La Liga,Sevilla,0-0,FC Barcelona,Starter,90,0,0,0,10
858,16-06-2020,La Liga,FC Barcelona,2-0,Leganés,Starter,90,1,0,0,10
857,13-06-2020,La Liga,Real Mallorca,0-4,FC Barcelona,Starter,90,1,2,0,10
856,07-03-2020,La Liga,FC Barcelona,1-0,Real Sociedad,Starter,90,1,0,1,10
855,01-03-2020,La Liga,Real Madrid,2-0,FC Barcelona,Starter,90,0,0,1,10
854,25-02-2020,UEFA Champions League,Napoli,1-1,FC Barcelona,Starter,90,0,0,1,10
853,22-02-2020,La Liga,FC Barcelona,5-0,Eibar,Starter,90,4,0,0,10
852,15-02-2020,La Liga,FC Barcelona,2-1,Getafe,Starter,90,0,1,0,10
851,09-02-2020,La Liga,Real Betis,2-3,FC Barcelona,Starter,90,0,3,0,10
850,06-02-2020,Copa del Rey,Athletic de Bilbao,1-0,FC Barcelona,Starter,90,0,0,1,10
849,02-02-2020,La Liga,FC Barcelona,2-1,Levante,Starter,90,0,2,0,10
848,30-01-2020,Copa del Rey,FC Barcelona,5-0,Leganés,Starter,90,2,1,0,10
847,25-01-2020,La Liga,Valencia,2-0,FC Barcelona,Starter,90,0,0,0,10
846,19-01-2020,La Liga,FC Barcelona,1-0,Granada,Starter,90,1,0,0,10
845,09-01-2020,Spanish Super Cup,FC Barcelona,2-3,Atlético Madrid,Starter,90,1,0,0,10
844,04-01-2020,La Liga,Espanyol,2-2,FC Barcelona,Starter,90,0,0,0,10
843,21-12-2019,La Liga,FC Barcelona,4-1,Alavés,Starter,90,1,0,0,10
842,18-12-2019,La Liga,FC Barcelona,0-0,Real Madrid,Starter,90,0,0,0,10
841,14-12-2019,La Liga,Real Sociedad,2-2,FC Barcelona,Starter,90,0,1,0,10
840,07-12-2019,La Liga,FC Barcelona,5-2,Real Mallorca,Starter,90,3,0,0,10
839,01-12-2019,La Liga,Atlético Madrid,0-1,FC Barcelona,Starter,90,1,0,0,10
838,27-11-2019,UEFA Champions League,FC Barcelona,3-1,Borussia Dortmund,Starter,90,1,2,1,10
837,23-11-2019,La Liga,Leganés,1-2,FC Barcelona,Starter,90,0,1,0,10
836,18-11-2019,International friendly,Argentina,2-2,Uruguay,Starter,90,1,1,0,10
835,15-11-2019,International friendly,Brazil,0-1,Argentina,Starter,90,1,0,0,10
834,09-11-2019,La Liga,FC Barcelona,4-1,Celta de Vigo,Starter,90,3,0,1,10
833,05-11-2019,UEFA Champions League,FC Barcelona,0-0,Slavia Prague,Starter,90,0,0,0,10
832,02-11-2019,La Liga,Levante,3-1,FC Barcelona,Starter,90,1,0,0,10
831,29-10-2019,La Liga,FC Barcelona,5-1,Real Valladolid,Starter,90,2,2,0,10
830,23-10-2019,UEFA Champions League,Slavia Prague,1-2,FC Barcelona,Starter,90,1,0,0,10
829,19-10-2019,La Liga,Eibar,0-3,FC Barcelona,Starter,90,1,1,0,10
828,06-10-2019,La Liga,FC Barcelona,4-0,Sevilla,Starter,90,1,0,0,10
827,02-10-2019,UEFA Champions League,FC Barcelona,2-1,Internazionale,Starter,90,0,1,0,10
826,24-09-2019,La Liga,FC Barcelona,2-1,Villarreal,Starter,45,0,1,0,10
825,21-09-2019,La Liga,Granada,2-0,FC Barcelona,Substitute,45,0,0,0,10
824,17-09-2019,UEFA Champions League,Borussia Dortmund,0-0,FC Barcelona,Substitute,32,0,0,0,10
823,06-07-2019,Copa América 2019,Argentina,2-1,Chile,Starter,36,0,1,1,10
822,02-07-2019,Copa América 2019,Brazil,2-0,Argentina,Starter,90,0,0,0,10
821,28-06-2019,Copa América 2019,Venezuela,0-2,Argentina,Starter,90,0,0,0,10
820,23-06-2019,Copa América 2019,Qatar,0-2,Argentina,Starter,90,0,0,0,10
819,19-06-2019,Copa América 2019,Argentina,1-1,Paraguay,Starter,90,1,0,0,10
818,15-06-2019,Copa América 2019,Argentina,0-2,Colombia,Starter,90,0,0,0,10
817,08-06-2019,International friendly,Argentina,5-1,Nicaragua,Starter,45,2,0,0,10
816,25-05-2019,Copa del Rey,FC Barcelona,1-2,Valencia,Starter,90,1,0,0,10
815,19-05-2019,La Liga,Eibar,2-2,FC Barcelona,Starter,90,2,0,0,10
814,12-05-2019,La Liga,FC Barcelona,2-0,Getafe,Starter,90,0,0,0,10
813,07-05-2019,UEFA Champions League,Liverpool,4-0,FC Barcelona,Starter,90,0,0,0,10
812,01-05-2019,UEFA Champions League,FC Barcelona,3-0,Liverpool,Starter,90,2,0,0,10
811,27-04-2019,La Liga,FC Barcelona,1-0,Levante,Substitute,45,1,0,0,10
810,23-04-2019,La Liga,Alavés,0-2,FC Barcelona,Substitute,30,0,0,0,10
809,20-04-2019,La Liga,FC Barcelona,2-1,Real Sociedad,Starter,90,0,1,0,10
808,16-04-2019,UEFA Champions League,FC Barcelona,3-0,Manchester United,Starter,90,2,0,0,10
807,10-04-2019,UEFA Champions League,Manchester United,0-1,FC Barcelona,Starter,90,0,0,0,10
806,06-04-2019,La Liga,FC Barcelona,2-0,Atlético Madrid,Starter,90,1,0,0,10
805,02-04-2019,La Liga,Villarreal,4-4,FC Barcelona,Substitute,30,1,0,1,10
804,30-03-2019,La Liga,FC Barcelona,2-0,Espanyol,Starter,90,2,0,0,10
803,22-03-2019,International friendly,Argentina,1-3,Venezuela,Starter,90,0,0,0,10
802,17-03-2019,La Liga,Real Betis,1-4,FC Barcelona,Starter,90,3,0,0,10
801,13-03-2019,UEFA Champions League,FC Barcelona,5-1,Olympique Lyonnais,Starter,90,2,2,0,10
800,09-03-2019,La Liga,FC Barcelona,3-1,Rayo Vallecano,Starter,90,1,1,0,10
799,02-03-2019,La Liga,Real Madrid,0-1,FC Barcelona,Starter,90,0,0,0,10
798,27-02-2019,Copa del Rey,Real Madrid,0-3,FC Barcelona,Starter,90,0,0,0,10
797,23-02-2019,La Liga,Sevilla,2-4,FC Barcelona,Starter,90,3,1,0,10
796,19-02-2019,UEFA Champions League,Olympique Lyonnais,0-0,FC Barcelona,Starter,90,0,0,0,10
795,16-02-2019,La Liga,FC Barcelona,1-0,Real Valladolid,Starter,90,1,0,1,10
794,10-02-2019,La Liga,Athletic de Bilbao,0-0,FC Barcelona,Starter,90,0,0,0,10
793,06-02-2019,Copa del Rey,FC Barcelona,1-1,Real Madrid,Substitute,28,0,0,0,10
792,02-02-2019,La Liga,FC Barcelona,2-2,Valencia,Starter,90,2,0,0,10
791,30-01-2019,Copa del Rey,FC Barcelona,6-1,Sevilla,Starter,90,1,1,0,10
790,27-01-2019,La Liga,Girona,0-2,FC Barcelona,Starter,90,1,0,0,10
789,20-01-2019,La Liga,FC Barcelona,3-1,Leganés,Substitute,27,1,0,0,10
788,17-01-2019,Copa del Rey,FC Barcelona,3-0,Levante,Starter,90,1,1,0,10
787,13-01-2019,La Liga,FC Barcelona,3-0,Eibar,Starter,90,1,0,0,10
786,06-01-2019,La Liga,Getafe,1-2,FC Barcelona,Starter,90,1,0,0,10
785,22-12-2018,La Liga,FC Barcelona,2-0,Celta de Vigo,Starter,90,1,0,0,10
784,16-12-2018,La Liga,Levante,0-5,FC Barcelona,Starter,90,3,2,0,10
783,11-12-2018,UEFA Champions League,FC Barcelona,1-1,Tottenham Hotspur F.C.,Substitute,28,0,0,0,10
782,08-12-2018,La Liga,Espanyol,0-4,FC Barcelona,Starter,90,2,1,0,10
781,02-12-2018,La Liga,FC Barcelona,2-0,Villarreal,Starter,90,0,1,0,10
780,28-11-2018,UEFA Champions League,PSV Eindhoven,1-2,FC Barcelona,Starter,90,1,1,0,10
779,24-11-2018,La Liga,Atlético Madrid,1-1,FC Barcelona,Starter,90,0,1,0,10
778,11-11-2018,La Liga,FC Barcelona,3-4,Real Betis,Starter,90,2,0,0,10
777,20-10-2018,La Liga,FC Barcelona,4-2,Sevilla,Starter,25,1,1,0,10
776,07-10-2018,La Liga,Valencia,1-1,FC Barcelona,Starter,90,1,0,0,10
775,03-10-2018,UEFA Champions League,Tottenham Hotspur F.C.,2-4,FC Barcelona,Starter,90,2,0,0,10
774,29-09-2018,La Liga,FC Barcelona,1-1,Athletic de Bilbao,Substitute,36,0,1,1,10
773,26-09-2018,La Liga,Leganés,2-1,FC Barcelona,Starter,90,0,1,0,10
772,23-09-2018,La Liga,FC Barcelona,2-2,Girona,Starter,90,1,0,0,10
771,18-09-2018,UEFA Champions League,FC Barcelona,4-0,PSV Eindhoven,Starter,90,3,0,0,10
770,15-09-2018,La Liga,Real Sociedad,1-2,FC Barcelona,Starter,90,0,0,0,10
769,02-09-2018,La Liga,FC Barcelona,8-2,Huesca,Starter,90,2,2,0,10
768,25-08-2018,La Liga,Real Valladolid,0-1,FC Barcelona,Starter,90,0,0,0,10
767,18-08-2018,La Liga,FC Barcelona,3-0,Alavés,Starter,90,2,0,0,10
766,12-08-2018,Spanish Super Cup,Sevilla,1-2,FC Barcelona,Starter,90,0,1,0,10
765,30-06-2018,World Cup 2018,France,4-3,Argentina,Starter,90,0,2,0,10
764,26-06-2018,World Cup 2018,Nigeria,1-2,Argentina,Starter,90,1,0,1,10
763,21-06-2018,World Cup 2018,Argentina,0-3,Croatia,Starter,90,0,0,0,10
762,16-06-2018,World Cup 2018,Argentina,1-1,Iceland,Starter,90,0,0,0,10
761,29-05-2018,International friendly,Argentina,4-0,Haiti,Starter,90,3,1,0,10
760,20-05-2018,La Liga,FC Barcelona,1-0,Real Sociedad,Substitute,24,0,0,0,10
759,09-05-2018,La Liga,FC Barcelona,5-1,Villarreal,Starter,90,1,0,0,10
758,06-05-2018,La Liga,FC Barcelona,2-2,Real Madrid,Starter,90,1,0,1,10
757,29-04-2018,La Liga,Deportivo La Coruña,2-4,FC Barcelona,Starter,90,3,0,0,10
756,21-04-2018,Copa del Rey,Sevilla,0-5,FC Barcelona,Starter,90,1,2,0,10
755,17-04-2018,La Liga,Celta de Vigo,2-2,FC Barcelona,Substitute,31,0,0,0,10
754,14-04-2018,La Liga,FC Barcelona,2-1,Valencia,Starter,90,0,0,0,10
753,10-04-2018,UEFA Champions League,AS Roma,3-0,FC Barcelona,Starter,90,0,0,1,10
752,07-04-2018,La Liga,FC Barcelona,3-1,Leganés,Starter,90,3,0,0,10
751,04-04-2018,UEFA Champions League,FC Barcelona,4-1,AS Roma,Starter,90,0,0,0,10
750,31-03-2018,La Liga,Sevilla,2-2,FC Barcelona,Substitute,33,1,0,0,10
749,18-03-2018,La Liga,FC Barcelona,2-0,Athletic de Bilbao,Starter,90,1,0,0,10
748,14-03-2018,UEFA Champions League,FC Barcelona,3-0,Chelsea,Starter,90,2,1,0,10
747,04-03-2018,La Liga,FC Barcelona,1-0,Atlético Madrid,Starter,90,1,0,1,10
746,01-03-2018,La Liga,Las Palmas,1-1,FC Barcelona,Starter,90,1,0,0,10
745,24-02-2018,La Liga,FC Barcelona,6-1,Girona,Starter,90,2,1,0,10
744,20-02-2018,UEFA Champions League,Chelsea,1-1,FC Barcelona,Starter,90,1,0,0,10
743,17-02-2018,La Liga,Eibar,0-2,FC Barcelona,Starter,90,0,1,0,10
742,11-02-2018,La Liga,FC Barcelona,0-0,Getafe,Starter,90,0,0,0,10
741,08-02-2018,Copa del Rey,Valencia,0-2,FC Barcelona,Starter,90,0,0,0,10
740,04-02-2018,La Liga,Espanyol,1-1,FC Barcelona,Substitute,32,0,1,0,10
739,01-02-2018,Copa del Rey,FC Barcelona,1-0,Valencia,Starter,90,0,1,0,10
738,28-01-2018,La Liga,FC Barcelona,2-1,Alavés,Starter,90,1,0,0,10
737,25-01-2018,Copa del Rey,FC Barcelona,2-0,Espanyol,Starter,90,1,0,1,10
736,21-01-2018,La Liga,Real Betis,0-5,FC Barcelona,Starter,90,2,1,0,10
735,17-01-2018,Copa del Rey,Espanyol,1-0,FC Barcelona,Starter,90,0,0,0,10
734,14-01-2018,La Liga,Real Sociedad,2-4,FC Barcelona,Starter,90,1,1,0,10
733,11-01-2018,Copa del Rey,FC Barcelona,5-0,Celta de Vigo,Starter,58,2,1,0,10
732,07-01-2018,La Liga,FC Barcelona,3-0,Levante,Starter,90,1,1,0,10
731,23-12-2017,La Liga,Real Madrid,0-3,FC Barcelona,Starter,90,1,1,0,10
730,17-12-2017,La Liga,FC Barcelona,4-0,Deportivo La Coruña,Starter,90,0,1,0,10
729,10-12-2017,La Liga,Villarreal,0-2,FC Barcelona,Starter,90,1,0,0,10
728,05-12-2017,UEFA Champions League,FC Barcelona,2-0,Sporting Lisbon,Substitute,30,0,0,0,10
727,02-12-2017,La Liga,FC Barcelona,2-2,Celta de Vigo,Starter,90,1,0,0,10
726,26-11-2017,La Liga,Valencia,1-1,FC Barcelona,Starter,90,0,1,0,10
725,22-11-2017,UEFA Champions League,Juventus,0-0,FC Barcelona,Substitute,35,0,0,0,10
724,18-11-2017,La Liga,Leganés,0-3,FC Barcelona,Starter,90,0,0,0,10
723,11-11-2017,International friendly,Russia,0-1,Argentina,Starter,90,0,0,0,10
722,04-11-2017,La Liga,FC Barcelona,2-1,Sevilla,Starter,90,0,0,1,10
721,31-10-2017,UEFA Champions League,Olympiacos,0-0,FC Barcelona,Starter,90,0,0,0,10
720,28-10-2017,La Liga,Athletic de Bilbao,0-2,FC Barcelona,Starter,90,1,0,0,10
719,21-10-2017,La Liga,FC Barcelona,2-0,Málaga,Starter,90,0,1,0,10
718,18-10-2017,UEFA Champions League,FC Barcelona,3-1,Olympiacos,Starter,90,1,1,0,10
717,14-10-2017,La Liga,Atlético Madrid,1-1,FC Barcelona,Starter,90,0,0,0,10
716,10-10-2017,World Cup 2018 Qualification,Ecuador,1-3,Argentina,Starter,90,3,0,0,10
715,05-10-2017,World Cup 2018 Qualification,Argentina,0-0,Peru,Starter,90,0,0,0,10
714,01-10-2017,La Liga,FC Barcelona,3-0,Las Palmas,Starter,90,2,1,0,10
713,27-09-2017,UEFA Champions League,Sporting Lisbon,0-1,FC Barcelona,Starter,90,0,0,0,10
712,23-09-2017,La Liga,Girona,0-3,FC Barcelona,Starter,90,0,0,0,10
711,19-09-2017,La Liga,FC Barcelona,6-1,Eibar,Starter,90,4,0,0,10
710,16-09-2017,La Liga,Getafe,1-2,FC Barcelona,Starter,90,0,1,0,10
709,12-09-2017,UEFA Champions League,FC Barcelona,3-0,Juventus,Starter,90,2,0,1,10
708,09-09-2017,La Liga,FC Barcelona,5-0,Espanyol,Starter,90,3,0,0,10
707,05-09-2017,World Cup 2018 Qualification,Argentina,1-1,Venezuela,Starter,90,0,0,0,10
706,31-08-2017,World Cup 2018 Qualification,Uruguay,0-0,Argentina,Starter,90,0,0,0,10
705,26-08-2017,La Liga,Alavés,0-2,FC Barcelona,Starter,90,2,0,0,10
704,20-08-2017,La Liga,FC Barcelona,2-0,Real Betis,Starter,90,0,0,0,10
703,16-08-2017,Spanish Super Cup,Real Madrid,2-0,FC Barcelona,Starter,90,0,0,0,10
702,13-08-2017,Spanish Super Cup,FC Barcelona,1-3,Real Madrid,Starter,90,1,0,1,10
701,09-06-2017,International friendly,Brazil,0-1,Argentina,Starter,90,0,0,0,10
700,27-05-2017,Copa del Rey,FC Barcelona,3-1,Alavés,Starter,90,1,1,1,10
699,21-05-2017,La Liga,FC Barcelona,4-2,Eibar,Starter,90,2,0,0,10
698,14-05-2017,La Liga,Las Palmas,1-4,FC Barcelona,Starter,90,0,0,0,10
697,06-05-2017,La Liga,FC Barcelona,4-1,Villarreal,Starter,90,2,0,0,10
696,29-04-2017,La Liga,Espanyol,0-3,FC Barcelona,Starter,90,0,1,0,10
695,26-04-2017,La Liga,FC Barcelona,7-1,Osasuna,Starter,62,2,0,0,10
694,23-04-2017,La Liga,Real Madrid,2-3,FC Barcelona,Starter,90,2,0,1,10
693,19-04-2017,UEFA Champions League,FC Barcelona,0-0,Juventus,Starter,90,0,0,0,10
692,15-04-2017,La Liga,FC Barcelona,3-2,Real Sociedad,Starter,90,2,1,0,10
691,11-04-2017,UEFA Champions League,Juventus,3-0,FC Barcelona,Starter,90,0,0,0,10
690,08-04-2017,La Liga,Málaga,2-0,FC Barcelona,Starter,90,0,0,0,10
689,05-04-2017,La Liga,FC Barcelona,3-0,Sevilla,Starter,90,2,0,0,10
688,23-03-2017,World Cup 2018 Qualification,Argentina,1-0,Chile,Starter,90,1,0,0,10
687,19-03-2017,La Liga,FC Barcelona,4-2,Valencia,Starter,90,2,0,1,10
686,12-03-2017,La Liga,Deportivo La Coruña,2-1,FC Barcelona,Starter,90,0,0,0,10
685,08-03-2017,UEFA Champions League,FC Barcelona,6-1,Paris Saint-Germain,Starter,90,1,0,0,10
684,04-03-2017,La Liga,FC Barcelona,5-0,Celta de Vigo,Starter,90,2,2,0,10
683,01-03-2017,La Liga,FC Barcelona,6-1,Sporting Gijón,Starter,60,1,1,0,10
682,26-02-2017,La Liga,Atlético Madrid,1-2,FC Barcelona,Starter,90,1,0,1,10
681,19-02-2017,La Liga,FC Barcelona,2-1,Leganés,Starter,90,2,0,0,10
680,14-02-2017,UEFA Champions League,Paris Saint-Germain,4-0,FC Barcelona,Starter,90,0,0,0,10
679,11-02-2017,La Liga,Alavés,0-6,FC Barcelona,Starter,90,1,0,0,10
678,07-02-2017,Copa del Rey,FC Barcelona,1-1,Atlético Madrid,Starter,90,0,0,0,10
677,04-02-2017,La Liga,FC Barcelona,3-0,Athletic de Bilbao,Starter,63,1,0,0,10
676,01-02-2017,Copa del Rey,Atlético Madrid,1-2,FC Barcelona,Starter,90,1,0,1,10
675,29-01-2017,La Liga,Real Betis,1-1,FC Barcelona,Starter,90,0,1,0,10
674,26-01-2017,Copa del Rey,FC Barcelona,5-2,Real Sociedad,Starter,90,1,2,0,10
673,22-01-2017,La Liga,Eibar,0-4,FC Barcelona,Starter,90,1,0,0,10
672,19-01-2017,Copa del Rey,Real Sociedad,0-1,FC Barcelona,Starter,90,0,0,1,10
671,14-01-2017,La Liga,FC Barcelona,5-0,Las Palmas,Starter,90,1,0,0,10
670,11-01-2017,Copa del Rey,FC Barcelona,3-1,Athletic de Bilbao,Starter,90,1,0,0,10
669,08-01-2017,La Liga,Villarreal,1-1,FC Barcelona,Starter,90,1,0,0,10
668,05-01-2017,Copa del Rey,Athletic de Bilbao,2-1,FC Barcelona,Starter,90,1,0,0,10
667,18-12-2016,La Liga,FC Barcelona,4-1,Espanyol,Starter,90,1,0,0,10
666,10-12-2016,La Liga,Osasuna,0-3,FC Barcelona,Starter,90,2,0,0,10
665,06-12-2016,UEFA Champions League,FC Barcelona,4-0,Borussia Mönchengladbach,Starter,90,1,0,0,10
664,03-12-2016,La Liga,FC Barcelona,1-1,Real Madrid,Starter,90,0,0,0,10
663,27-11-2016,La Liga,Real Sociedad,1-1,FC Barcelona,Starter,90,1,0,0,10
662,23-11-2016,UEFA Champions League,Celtic,0-2,FC Barcelona,Starter,90,2,0,0,10
661,15-11-2016,World Cup 2018 Qualification,Argentina,3-0,Colombia,Starter,90,1,2,0,10
660,10-11-2016,World Cup 2018 Qualification,Brazil,3-0,Argentina,Starter,90,0,0,0,10
659,06-11-2016,La Liga,Sevilla,1-2,FC Barcelona,Starter,90,1,1,1,10
658,01-11-2016,UEFA Champions League,Manchester City,3-1,FC Barcelona,Starter,90,1,0,0,10
657,29-10-2016,La Liga,FC Barcelona,1-0,Granada,Starter,90,0,0,0,10
656,22-10-2016,La Liga,Valencia,2-3,FC Barcelona,Starter,90,2,0,1,10
655,19-10-2016,UEFA Champions League,FC Barcelona,4-0,Manchester City,Starter,90,3,1,0,10
654,15-10-2016,La Liga,FC Barcelona,4-0,Deportivo La Coruña,Substitute,36,1,0,0,10
653,21-09-2016,La Liga,FC Barcelona,1-1,Atlético Madrid,Starter,58,0,0,0,10
652,17-09-2016,La Liga,Leganés,1-5,FC Barcelona,Starter,90,2,1,0,10
651,13-09-2016,UEFA Champions League,FC Barcelona,7-0,Celtic,Starter,90,3,1,0,10
650,10-09-2016,La Liga,FC Barcelona,1-2,Alavés,Substitute,31,0,0,0,10
649,01-09-2016,World Cup 2018 Qualification,Argentina,1-0,Uruguay,Starter,90,1,0,0,10
648,28-08-2016,La Liga,Athletic de Bilbao,0-1,FC Barcelona,Starter,90,0,0,0,10
647,20-08-2016,La Liga,FC Barcelona,6-2,Real Betis,Starter,90,2,1,0,10
646,17-08-2016,Spanish Super Cup,FC Barcelona,3-0,Sevilla,Starter,90,1,1,0,10
645,14-08-2016,Spanish Super Cup,Sevilla,0-2,FC Barcelona,Starter,90,0,1,0,10
644,26-06-2016,Copa América Centenario,Argentina,0-0,Chile,Starter,120,0,0,1,10
643,21-06-2016,Copa América Centenario,United States,0-4,Argentina,Starter,90,1,2,0,10
642,18-06-2016,Copa América Centenario,Argentina,4-1,Venezuela,Starter,90,1,2,0,10
641,14-06-2016,Copa América Centenario,Argentina,3-0,Bolivia,Substitute,45,0,0,0,10
640,10-06-2016,Copa América Centenario,Argentina,5-0,Panama,Substitute,30,3,0,0,10
639,27-05-2016,International friendly,Argentina,1-0,Honduras,Starter,63,0,0,0,10
638,22-05-2016,Copa del Rey,FC Barcelona,2-0,Sevilla,Starter,120,0,2,0,10
637,14-05-2016,La Liga,Granada,0-3,FC Barcelona,Starter,90,0,0,0,10
636,08-05-2016,La Liga,FC Barcelona,5-0,Espanyol,Starter,90,1,1,1,10
635,30-04-2016,La Liga,Real Betis,0-2,FC Barcelona,Starter,90,0,2,1,10
634,23-04-2016,La Liga,FC Barcelona,6-0,Sporting Gijón,Starter,90,1,1,0,10
633,20-04-2016,La Liga,Deportivo La Coruña,0-8,FC Barcelona,Starter,90,1,2,0,10
632,17-04-2016,La Liga,FC Barcelona,1-2,Valencia,Starter,90,1,0,0,10
631,13-04-2016,UEFA Champions League,Atlético Madrid,2-0,FC Barcelona,Starter,90,0,0,0,10
630,09-04-2016,La Liga,Real Sociedad,1-0,FC Barcelona,Starter,90,0,0,0,10
629,05-04-2016,UEFA Champions League,FC Barcelona,2-1,Atlético Madrid,Starter,90,0,0,0,10
628,02-04-2016,La Liga,FC Barcelona,1-2,Real Madrid,Starter,90,0,0,0,10
627,29-03-2016,World Cup 2018 Qualification,Argentina,2-0,Bolivia,Starter,90,1,0,0,10
626,24-03-2016,World Cup 2018 Qualification,Chile,1-2,Argentina,Starter,90,0,0,0,10
625,20-03-2016,La Liga,Villarreal,2-2,FC Barcelona,Starter,90,0,0,0,10
624,16-03-2016,UEFA Champions League,FC Barcelona,3-1,Arsenal,Starter,90,1,0,0,10
623,12-03-2016,La Liga,FC Barcelona,6-0,Getafe,Starter,90,1,3,0,10
622,06-03-2016,La Liga,Eibar,0-4,FC Barcelona,Starter,90,2,0,0,10
621,03-03-2016,La Liga,Rayo Vallecano,1-5,FC Barcelona,Starter,90,3,0,0,10
620,28-02-2016,La Liga,FC Barcelona,2-1,Sevilla,Starter,90,1,0,0,10
619,23-02-2016,UEFA Champions League,Arsenal,0-2,FC Barcelona,Starter,90,2,0,0,10
618,20-02-2016,La Liga,Las Palmas,1-2,FC Barcelona,Starter,90,0,0,0,10
617,17-02-2016,La Liga,Sporting Gijón,1-3,FC Barcelona,Starter,90,2,0,0,10
616,14-02-2016,La Liga,FC Barcelona,6-1,Celta de Vigo,Starter,90,1,2,0,10
615,07-02-2016,La Liga,Levante,0-2,FC Barcelona,Starter,90,0,1,0,10
614,03-02-2016,Copa del Rey,FC Barcelona,7-0,Valencia,Starter,90,3,0,0,10
613,30-01-2016,La Liga,FC Barcelona,2-1,Atlético Madrid,Starter,90,1,0,0,10
612,27-01-2016,Copa del Rey,FC Barcelona,3-1,Athletic de Bilbao,Starter,90,0,1,0,10
611,23-01-2016,La Liga,Málaga,1-2,FC Barcelona,Starter,90,1,0,1,10
610,17-01-2016,La Liga,FC Barcelona,6-0,Athletic de Bilbao,Starter,45,1,0,0,10
609,13-01-2016,Copa del Rey,Espanyol,0-2,FC Barcelona,Starter,90,0,1,0,10
608,09-01-2016,La Liga,FC Barcelona,4-0,Granada,Starter,90,3,0,0,10
607,06-01-2016,Copa del Rey,FC Barcelona,4-1,Espanyol,Starter,90,2,2,1,10
606,02-01-2016,La Liga,Espanyol,0-0,FC Barcelona,Starter,90,0,0,0,10
605,30-12-2015,La Liga,FC Barcelona,4-0,Real Betis,Starter,90,1,0,0,10
604,20-12-2015,FIFA Club World Cup,CA River Plate,0-3,FC Barcelona,Starter,90,1,0,0,10
603,12-12-2015,La Liga,FC Barcelona,2-2,Deportivo La Coruña,Starter,90,1,1,0,10
602,09-12-2015,UEFA Champions League,Bayer Leverkusen,1-1,FC Barcelona,Starter,90,1,0,0,10
601,05-12-2015,La Liga,Valencia,1-1,FC Barcelona,Starter,90,0,1,0,10
600,28-11-2015,La Liga,FC Barcelona,4-0,Real Sociedad,Starter,90,1,0,0,10
599,24-11-2015,UEFA Champions League,FC Barcelona,6-1,AS Roma,Starter,90,2,1,1,10
598,21-11-2015,La Liga,Real Madrid,0-4,FC Barcelona,Substitute,35,0,0,0,10
597,26-09-2015,La Liga,FC Barcelona,2-1,Las Palmas,Starter,9,0,0,0,10
596,23-09-2015,La Liga,Celta de Vigo,4-1,FC Barcelona,Starter,90,0,1,0,10
595,20-09-2015,La Liga,FC Barcelona,4-1,Levante,Starter,90,2,1,0,10
594,16-09-2015,UEFA Champions League,AS Roma,1-1,FC Barcelona,Starter,90,0,0,0,10
593,12-09-2015,La Liga,Atlético Madrid,1-2,FC Barcelona,Substitute,31,1,0,0,10
592,08-09-2015,International friendly,Argentina,2-2,Mexico,Starter,90,1,0,0,10
591,04-09-2015,International friendly,Argentina,7-0,Bolivia,Substitute,27,2,0,0,10
590,29-08-2015,La Liga,FC Barcelona,1-0,Málaga,Starter,90,0,0,0,10
589,23-08-2015,La Liga,Athletic de Bilbao,0-1,FC Barcelona,Starter,90,0,0,0,10
588,17-08-2015,Spanish Super Cup,FC Barcelona,1-1,Athletic de Bilbao,Starter,90,1,0,0,10
587,14-08-2015,Spanish Super Cup,Athletic de Bilbao,4-0,FC Barcelona,Starter,90,0,0,0,10
586,11-08-2015,UEFA European Super Cup,FC Barcelona,5-4,Sevilla,Starter,120,2,0,0,10
585,04-07-2015,Copa América 2015,Chile,0-0,Argentina,Starter,120,0,0,0,10
584,30-06-2015,Copa América 2015,Argentina,6-1,Paraguay,Starter,90,0,3,0,10
583,26-06-2015,Copa América 2015,Argentina,0-0,Colombia,Starter,90,0,0,1,10
582,20-06-2015,Copa América 2015,Argentina,1-0,Jamaica,Starter,90,0,0,0,10
581,16-06-2015,Copa América 2015,Argentina,1-0,Uruguay,Starter,90,0,0,0,10
580,13-06-2015,Copa América 2015,Argentina,2-2,Paraguay,Starter,90,1,0,0,10
579,06-06-2015,UEFA Champions League,Juventus,1-3,FC Barcelona,Starter,90,0,0,0,10
578,30-05-2015,Copa del Rey,Athletic de Bilbao,1-3,FC Barcelona,Starter,90,2,0,0,10
577,23-05-2015,La Liga,FC Barcelona,2-2,Deportivo La Coruña,Starter,90,2,0,0,10
576,17-05-2015,La Liga,Atlético Madrid,0-1,FC Barcelona,Starter,90,1,0,1,10
575,12-05-2015,UEFA Champions League,Bayern München,3-2,FC Barcelona,Starter,90,0,0,0,10
574,09-05-2015,La Liga,FC Barcelona,2-0,Real Sociedad,Starter,90,0,0,0,10
573,06-05-2015,UEFA Champions League,FC Barcelona,3-0,Bayern München,Starter,90,2,1,0,10
572,02-05-2015,La Liga,Córdoba,0-8,FC Barcelona,Starter,90,2,1,0,10
571,28-04-2015,La Liga,FC Barcelona,6-0,Getafe,Starter,90,2,1,0,10
570,25-04-2015,La Liga,Espanyol,0-2,FC Barcelona,Starter,90,1,0,0,10
569,21-04-2015,UEFA Champions League,FC Barcelona,2-0,Paris Saint-Germain,Starter,90,0,0,0,10
568,18-04-2015,La Liga,FC Barcelona,2-0,Valencia,Starter,90,1,1,0,10
567,15-04-2015,UEFA Champions League,Paris Saint-Germain,1-3,FC Barcelona,Starter,90,0,1,1,10
566,11-04-2015,La Liga,Sevilla,2-2,FC Barcelona,Starter,90,1,0,0,10
565,08-04-2015,La Liga,FC Barcelona,4-0,UD Almería,Starter,90,1,0,0,10
564,05-04-2015,La Liga,Celta de Vigo,0-1,FC Barcelona,Starter,90,0,0,0,10
563,22-03-2015,La Liga,FC Barcelona,2-1,Real Madrid,Starter,90,0,1,0,10
562,18-03-2015,UEFA Champions League,FC Barcelona,1-0,Manchester City,Starter,90,0,1,0,10
561,14-03-2015,La Liga,Eibar,0-2,FC Barcelona,Starter,90,2,0,0,10
560,08-03-2015,La Liga,FC Barcelona,6-1,Rayo Vallecano,Starter,90,3,1,0,10
559,04-03-2015,Copa del Rey,Villarreal,1-3,FC Barcelona,Starter,90,0,1,0,10
558,28-02-2015,La Liga,Granada,1-3,FC Barcelona,Starter,90,1,0,0,10
557,24-02-2015,UEFA Champions League,Manchester City,0-2,FC Barcelona,Starter,90,0,0,0,10
556,21-02-2015,La Liga,FC Barcelona,0-1,Málaga,Starter,90,0,0,0,10
555,15-02-2015,La Liga,FC Barcelona,5-0,Levante,Starter,90,3,1,0,10
554,11-02-2015,Copa del Rey,FC Barcelona,3-1,Villarreal,Starter,90,1,1,0,10
553,08-02-2015,La Liga,Athletic de Bilbao,2-5,FC Barcelona,Starter,90,1,2,0,10
552,01-02-2015,La Liga,FC Barcelona,3-2,Villarreal,Starter,90,1,0,0,10
551,28-01-2015,Copa del Rey,Atlético Madrid,2-3,FC Barcelona,Starter,90,0,0,1,10
550,24-01-2015,La Liga,Elche,0-6,FC Barcelona,Starter,90,2,2,0,10
549,21-01-2015,Copa del Rey,FC Barcelona,1-0,Atlético Madrid,Starter,90,1,0,0,10
548,18-01-2015,La Liga,Deportivo La Coruña,0-4,FC Barcelona,Starter,90,3,0,0,10
547,11-01-2015,La Liga,FC Barcelona,3-1,Atlético Madrid,Starter,90,1,1,1,10
546,08-01-2015,Copa del Rey,FC Barcelona,5-0,Elche,Starter,90,1,2,0,10
545,04-01-2015,La Liga,Real Sociedad,1-0,FC Barcelona,Substitute,45,0,0,0,10
544,20-12-2014,La Liga,FC Barcelona,5-0,Córdoba,Starter,90,2,0,0,10
543,13-12-2014,La Liga,Getafe,0-0,FC Barcelona,Starter,90,0,0,0,10
542,10-12-2014,UEFA Champions League,FC Barcelona,3-1,Paris Saint-Germain,Starter,90,1,0,0,10
541,07-12-2014,La Liga,FC Barcelona,5-1,Espanyol,Starter,90,3,0,0,10
540,30-11-2014,La Liga,Valencia,0-1,FC Barcelona,Starter,90,0,0,1,10
539,25-11-2014,UEFA Champions League,APOEL FC,0-4,FC Barcelona,Starter,90,3,0,0,10
538,22-11-2014,La Liga,FC Barcelona,5-1,Sevilla,Starter,90,3,0,0,10
537,18-11-2014,International friendly,Portugal,1-0,Argentina,Starter,45,0,0,0,10
536,12-11-2014,International friendly,Argentina,2-1,Croatia,Starter,90,1,1,0,10
535,08-11-2014,La Liga,UD Almería,1-2,FC Barcelona,Starter,90,0,0,0,10
534,05-11-2014,UEFA Champions League,Ajax,0-2,FC Barcelona,Starter,90,2,0,0,10
533,01-11-2014,La Liga,FC Barcelona,0-1,Celta de Vigo,Starter,90,0,0,0,10
532,25-10-2014,La Liga,Real Madrid,3-1,FC Barcelona,Starter,90,0,0,1,10
531,21-10-2014,UEFA Champions League,FC Barcelona,3-1,Ajax,Starter,65,1,1,0,10
530,18-10-2014,La Liga,FC Barcelona,3-0,Eibar,Starter,90,1,1,0,10
529,14-10-2014,International friendly,Hong Kong,0-7,Argentina,Substitute,31,2,1,0,10
528,11-10-2014,International friendly,Brazil,2-0,Argentina,Starter,90,0,0,0,10
527,04-10-2014,La Liga,Rayo Vallecano,0-2,FC Barcelona,Starter,90,1,0,0,10
526,30-09-2014,UEFA Champions League,Paris Saint-Germain,3-2,FC Barcelona,Starter,90,1,0,0,10
525,27-09-2014,La Liga,FC Barcelona,6-0,Granada,Starter,90,2,2,0,10
524,24-09-2014,La Liga,Málaga,0-0,FC Barcelona,Starter,90,0,0,0,10
523,21-09-2014,La Liga,Levante,0-5,FC Barcelona,Starter,90,1,2,0,10
522,17-09-2014,UEFA Champions League,FC Barcelona,1-0,APOEL FC,Starter,90,0,1,0,10
521,13-09-2014,La Liga,FC Barcelona,2-0,Athletic de Bilbao,Starter,90,0,2,0,10
520,31-08-2014,La Liga,Villarreal,0-1,FC Barcelona,Starter,90,0,0,0,10
519,24-08-2014,La Liga,FC Barcelona,3-0,Elche,Starter,90,2,0,0,10
518,13-07-2014,World Cup 2014,Germany,1-0,Argentina,Starter,120,0,0,0,10
517,09-07-2014,World Cup 2014,Netherlands,0-0,Argentina,Starter,120,0,0,0,10
516,05-07-2014,World Cup 2014,Argentina,1-0,Belgium,Starter,90,0,0,0,10
515,01-07-2014,World Cup 2014,Argentina,1-0,Switzerland,Starter,120,0,1,0,10
514,25-06-2014,World Cup 2014,Nigeria,2-3,Argentina,Starter,62,2,0,0,10
513,21-06-2014,World Cup 2014,Argentina,1-0,Iran,Starter,90,1,0,0,10
512,16-06-2014,World Cup 2014,Argentina,2-1,Bosnia-Herzegovina,Starter,90,1,0,0,10
511,07-06-2014,International friendly,Argentina,2-0,Slovenia,Substitute,34,1,0,0,10
510,05-06-2014,International friendly,Argentina,3-0,Trinidad & Tobago,Starter,90,0,0,0,10
509,17-05-2014,La Liga,FC Barcelona,1-1,Atlético Madrid,Starter,90,0,1,1,10
508,11-05-2014,La Liga,Elche,0-0,FC Barcelona,Starter,90,0,0,0,10
507,03-05-2014,La Liga,FC Barcelona,2-2,Getafe,Starter,90,1,0,0,10
506,27-04-2014,La Liga,Villarreal,2-3,FC Barcelona,Starter,90,1,0,0,10
505,20-04-2014,La Liga,FC Barcelona,2-1,Athletic de Bilbao,Starter,90,1,0,0,10
504,16-04-2014,Copa del Rey,FC Barcelona,1-2,Real Madrid,Starter,90,0,0,0,10
503,12-04-2014,La Liga,Granada,1-0,FC Barcelona,Starter,90,0,0,1,10
502,09-04-2014,UEFA Champions League,Atlético Madrid,1-0,FC Barcelona,Starter,90,0,0,0,10
501,05-04-2014,La Liga,FC Barcelona,3-1,Real Betis,Starter,90,2,0,0,10
500,01-04-2014,UEFA Champions League,FC Barcelona,1-1,Atlético Madrid,Starter,90,0,0,0,10
499,29-03-2014,La Liga,Espanyol,0-1,FC Barcelona,Starter,90,1,0,0,10
498,26-03-2014,La Liga,FC Barcelona,3-0,Celta de Vigo,Starter,90,1,0,0,10
497,23-03-2014,La Liga,Real Madrid,3-4,FC Barcelona,Starter,90,3,1,0,10
496,16-03-2014,La Liga,FC Barcelona,7-0,Osasuna,Starter,90,3,1,0,10
495,12-03-2014,UEFA Champions League,FC Barcelona,2-1,Manchester City,Starter,90,1,0,0,10
494,08-03-2014,La Liga,Real Valladolid,1-0,FC Barcelona,Starter,90,0,0,0,10
493,05-03-2014,International friendly,Romania,0-0,Argentina,Starter,90,0,0,0,10
492,02-03-2014,La Liga,FC Barcelona,4-1,UD Almería,Starter,90,1,0,0,10
491,22-02-2014,La Liga,Real Sociedad,3-1,FC Barcelona,Starter,90,1,0,0,10
490,18-02-2014,UEFA Champions League,Manchester City,0-2,FC Barcelona,Starter,90,1,0,0,10
489,15-02-2014,La Liga,FC Barcelona,6-0,Rayo Vallecano,Starter,73,2,1,0,10
488,12-02-2014,Copa del Rey,Real Sociedad,1-1,FC Barcelona,Starter,90,1,0,0,10
487,09-02-2014,La Liga,Sevilla,1-4,FC Barcelona,Starter,90,2,1,0,10
486,05-02-2014,Copa del Rey,FC Barcelona,2-0,Real Sociedad,Starter,90,0,0,1,10
485,01-02-2014,La Liga,FC Barcelona,2-3,Valencia,Starter,90,1,1,0,10
484,26-01-2014,La Liga,FC Barcelona,3-0,Málaga,Starter,90,0,1,0,10
483,22-01-2014,Copa del Rey,Levante,1-4,FC Barcelona,Starter,90,0,3,0,10
482,19-01-2014,La Liga,Levante,1-1,FC Barcelona,Starter,90,0,0,0,10
481,16-01-2014,Copa del Rey,Getafe,0-2,FC Barcelona,Starter,90,2,0,0,10
480,11-01-2014,La Liga,Atlético Madrid,0-0,FC Barcelona,Substitute,45,0,0,0,10
479,08-01-2014,Copa del Rey,FC Barcelona,4-0,Getafe,Substitute,27,2,0,0,10
478,10-11-2013,La Liga,Real Betis,1-4,FC Barcelona,Starter,20,0,0,0,10
477,06-11-2013,UEFA Champions League,FC Barcelona,3-1,AC Milan,Starter,90,2,0,0,10
476,01-11-2013,La Liga,FC Barcelona,1-0,Espanyol,Starter,90,0,0,0,10
475,29-10-2013,La Liga,Celta de Vigo,0-3,FC Barcelona,Starter,90,0,1,0,10
474,26-10-2013,La Liga,FC Barcelona,2-1,Real Madrid,Starter,90,0,0,0,10
473,22-10-2013,UEFA Champions League,AC Milan,1-1,FC Barcelona,Starter,90,1,0,0,10
472,19-10-2013,La Liga,Osasuna,0-0,FC Barcelona,Substitute,23,0,0,0,10
471,28-09-2013,La Liga,UD Almería,0-2,FC Barcelona,Starter,28,1,0,0,10
470,24-09-2013,La Liga,FC Barcelona,4-1,Real Sociedad,Starter,80,1,1,0,10
469,21-09-2013,La Liga,Rayo Vallecano,0-4,FC Barcelona,Starter,90,0,1,0,10
468,18-09-2013,UEFA Champions League,FC Barcelona,4-0,Ajax,Starter,90,3,0,0,10
467,14-09-2013,La Liga,FC Barcelona,3-2,Sevilla,Starter,90,1,0,0,10
466,11-09-2013,World Cup 2014 Qualification,Paraguay,2-5,Argentina,Starter,90,2,1,0,10
465,01-09-2013,La Liga,Valencia,2-3,FC Barcelona,Starter,90,3,0,0,10
464,28-08-2013,Spanish Super Cup,FC Barcelona,0-0,Atlético Madrid,Starter,90,0,0,0,10
463,21-08-2013,Spanish Super Cup,Atlético Madrid,1-1,FC Barcelona,Starter,45,0,0,0,10
462,18-08-2013,La Liga,FC Barcelona,7-0,Levante,Starter,70,2,1,0,10
461,15-06-2013,International friendly,Guatemala,0-4,Argentina,Starter,67,3,1,0,10
460,11-06-2013,World Cup 2014 Qualification,Ecuador,1-1,Argentina,Substitute,31,0,0,0,10
459,08-06-2013,World Cup 2014 Qualification,Argentina,0-0,Colombia,Substitute,34,0,0,0,10
458,12-05-2013,La Liga,Atlético Madrid,1-2,FC Barcelona,Starter,70,0,0,0,10
457,05-05-2013,La Liga,FC Barcelona,4-2,Real Betis,Substitute,35,2,0,0,10
456,27-04-2013,La Liga,Athletic de Bilbao,2-2,FC Barcelona,Substitute,32,1,1,0,10
455,23-04-2013,UEFA Champions League,Bayern München,4-0,FC Barcelona,Starter,90,0,0,0,10
454,10-04-2013,UEFA Champions League,FC Barcelona,1-1,Paris Saint-Germain,Substitute,29,0,0,0,10
453,02-04-2013,UEFA Champions League,Paris Saint-Germain,2-2,FC Barcelona,Starter,45,1,0,0,10
452,30-03-2013,La Liga,Celta de Vigo,2-2,FC Barcelona,Starter,90,1,1,0,10
451,26-03-2013,World Cup 2014 Qualification,Bolivia,1-1,Argentina,Starter,90,0,0,0,10
450,23-03-2013,World Cup 2014 Qualification,Argentina,3-0,Venezuela,Starter,90,1,2,0,10
449,17-03-2013,La Liga,FC Barcelona,3-1,Rayo Vallecano,Starter,90,2,1,0,10
448,12-03-2013,UEFA Champions League,FC Barcelona,4-0,AC Milan,Starter,90,2,0,0,10
447,09-03-2013,La Liga,FC Barcelona,2-0,Deportivo La Coruña,Substitute,29,1,0,0,10
446,02-03-2013,La Liga,Real Madrid,2-1,FC Barcelona,Starter,90,1,0,0,10
445,26-02-2013,Copa del Rey,FC Barcelona,1-3,Real Madrid,Starter,90,0,0,0,10
444,23-02-2013,La Liga,FC Barcelona,2-1,Sevilla,Starter,90,1,0,0,10
443,20-02-2013,UEFA Champions League,AC Milan,2-0,FC Barcelona,Starter,90,0,0,0,10
442,16-02-2013,La Liga,Granada,1-2,FC Barcelona,Starter,90,2,0,0,10
441,10-02-2013,La Liga,FC Barcelona,6-1,Getafe,Starter,90,1,1,0,10
440,06-02-2013,International friendly,Sweden,2-3,Argentina,Starter,90,0,0,0,10
439,03-02-2013,La Liga,Valencia,1-1,FC Barcelona,Starter,90,1,0,0,10
438,30-01-2013,Copa del Rey,Real Madrid,1-1,FC Barcelona,Starter,90,0,1,0,10
437,27-01-2013,La Liga,FC Barcelona,5-1,Osasuna,Starter,90,4,0,0,10
436,24-01-2013,Copa del Rey,Málaga,2-4,FC Barcelona,Starter,81,1,0,0,10
435,19-01-2013,La Liga,Real Sociedad,3-2,FC Barcelona,Starter,90,1,0,0,10
434,16-01-2013,Copa del Rey,FC Barcelona,2-2,Málaga,Starter,90,1,0,1,10
433,13-01-2013,La Liga,Málaga,1-3,FC Barcelona,Starter,90,1,2,0,10
432,06-01-2013,La Liga,FC Barcelona,4-0,Espanyol,Starter,90,1,1,0,10
431,22-12-2012,La Liga,Real Valladolid,1-3,FC Barcelona,Starter,90,1,0,0,10
430,16-12-2012,La Liga,FC Barcelona,4-1,Atlético Madrid,Starter,90,2,0,0,10
429,12-12-2012,Copa del Rey,Córdoba,0-2,FC Barcelona,Starter,90,2,0,0,10
428,09-12-2012,La Liga,Real Betis,1-2,FC Barcelona,Starter,90,2,0,0,10
427,05-12-2012,UEFA Champions League,FC Barcelona,0-0,Benfica,Substitute,28,0,0,0,10
426,01-12-2012,La Liga,FC Barcelona,5-1,Athletic de Bilbao,Starter,90,2,0,0,10
425,25-11-2012,La Liga,Levante,0-4,FC Barcelona,Starter,90,2,0,0,10
424,20-11-2012,UEFA Champions League,Spartak Moscow,0-3,FC Barcelona,Starter,90,2,0,0,10
423,17-11-2012,La Liga,FC Barcelona,3-1,Real Zaragoza,Starter,90,2,1,0,10
422,14-11-2012,International friendly,Saudi Arabia,0-0,Argentina,Starter,90,0,0,0,10
421,11-11-2012,La Liga,Real Mallorca,2-4,FC Barcelona,Starter,90,2,0,0,10
420,07-11-2012,UEFA Champions League,Celtic,2-1,FC Barcelona,Starter,90,1,0,0,10
419,03-11-2012,La Liga,FC Barcelona,3-1,Celta de Vigo,Starter,90,0,0,0,10
418,27-10-2012,La Liga,Rayo Vallecano,0-5,FC Barcelona,Starter,90,2,0,0,10
417,23-10-2012,UEFA Champions League,FC Barcelona,2-1,Celtic,Starter,90,0,0,0,10
416,20-10-2012,La Liga,Deportivo La Coruña,4-5,FC Barcelona,Starter,90,3,1,1,10
415,17-10-2012,World Cup 2014 Qualification,Chile,1-2,Argentina,Starter,90,1,0,0,10
414,13-10-2012,World Cup 2014 Qualification,Argentina,3-0,Uruguay,Starter,90,2,0,0,10
413,07-10-2012,La Liga,FC Barcelona,2-2,Real Madrid,Starter,90,2,0,0,10
412,02-10-2012,UEFA Champions League,Benfica,0-2,FC Barcelona,Starter,90,0,2,0,10
411,29-09-2012,La Liga,Sevilla,2-3,FC Barcelona,Starter,90,0,2,0,10
410,22-09-2012,La Liga,FC Barcelona,2-0,Granada,Starter,90,0,0,0,10
409,19-09-2012,UEFA Champions League,FC Barcelona,3-2,Spartak Moscow,Starter,90,2,0,0,10
408,15-09-2012,La Liga,Getafe,1-4,FC Barcelona,Substitute,32,2,0,0,10
407,12-09-2012,World Cup 2014 Qualification,Peru,1-1,Argentina,Starter,90,0,0,0,10
406,08-09-2012,World Cup 2014 Qualification,Argentina,3-1,Paraguay,Starter,90,1,0,0,10
405,02-09-2012,La Liga,FC Barcelona,1-0,Valencia,Starter,90,0,1,0,10
404,29-08-2012,Spanish Super Cup,Real Madrid,2-1,FC Barcelona,Starter,90,1,0,0,10
403,26-08-2012,La Liga,Osasuna,1-2,FC Barcelona,Starter,90,2,0,0,10
402,23-08-2012,Spanish Super Cup,FC Barcelona,3-2,Real Madrid,Starter,90,1,0,0,10
401,19-08-2012,La Liga,FC Barcelona,5-1,Real Sociedad,Starter,90,2,0,0,10
400,15-08-2012,International friendly,Germany,1-3,Argentina,Starter,90,1,0,0,10
399,09-06-2012,International friendly,Argentina,4-3,Brazil,Starter,90,3,0,0,10
398,03-06-2012,World Cup 2014 Qualification,Argentina,4-0,Ecuador,Starter,90,1,1,0,10
397,25-05-2012,Copa del Rey,Athletic de Bilbao,0-3,FC Barcelona,Starter,90,1,0,0,10
396,12-05-2012,La Liga,Real Betis,2-2,FC Barcelona,Starter,90,0,0,0,10
395,05-05-2012,La Liga,FC Barcelona,4-0,Espanyol,Starter,90,4,0,0,10
394,02-05-2012,La Liga,FC Barcelona,4-1,Málaga,Starter,90,3,0,0,10
393,29-04-2012,La Liga,Rayo Vallecano,0-7,FC Barcelona,Starter,90,2,2,0,10
392,24-04-2012,UEFA Champions League,FC Barcelona,2-2,Chelsea,Starter,90,0,1,1,10
391,21-04-2012,La Liga,FC Barcelona,1-2,Real Madrid,Starter,90,0,0,0,10
390,18-04-2012,UEFA Champions League,Chelsea,1-0,FC Barcelona,Starter,90,0,0,0,10
389,14-04-2012,La Liga,Levante,1-2,FC Barcelona,Starter,90,2,0,0,10
388,10-04-2012,La Liga,FC Barcelona,4-0,Getafe,Starter,90,1,2,1,10
387,07-04-2012,La Liga,Real Zaragoza,1-4,FC Barcelona,Starter,90,2,1,0,10
386,03-04-2012,UEFA Champions League,FC Barcelona,3-1,AC Milan,Starter,90,2,0,0,10
385,31-03-2012,La Liga,FC Barcelona,2-0,Athletic de Bilbao,Starter,90,1,1,0,10
384,28-03-2012,UEFA Champions League,AC Milan,0-0,FC Barcelona,Starter,90,0,0,0,10
383,24-03-2012,La Liga,Real Mallorca,0-2,FC Barcelona,Starter,90,1,0,0,10
382,20-03-2012,La Liga,FC Barcelona,5-3,Granada,Starter,90,3,1,0,10
381,17-03-2012,La Liga,Sevilla,0-2,FC Barcelona,Starter,90,1,0,0,10
380,11-03-2012,La Liga,Racing Santander,0-2,FC Barcelona,Starter,90,2,0,0,10
379,07-03-2012,UEFA Champions League,FC Barcelona,7-1,Bayer Leverkusen,Starter,90,5,0,0,10
378,29-02-2012,International friendly,Switzerland,1-3,Argentina,Starter,90,3,0,0,10
377,26-02-2012,La Liga,Atlético Madrid,1-2,FC Barcelona,Starter,90,1,0,1,10
376,19-02-2012,La Liga,FC Barcelona,5-1,Valencia,Starter,90,4,0,0,10
375,14-02-2012,UEFA Champions League,Bayer Leverkusen,1-3,FC Barcelona,Starter,90,1,1,0,10
374,11-02-2012,La Liga,Osasuna,3-2,FC Barcelona,Starter,90,0,0,0,10
373,08-02-2012,Copa del Rey,FC Barcelona,2-0,Valencia,Starter,90,0,1,0,10
372,04-02-2012,La Liga,FC Barcelona,2-1,Real Sociedad,Starter,90,1,1,0,10
371,01-02-2012,Copa del Rey,Valencia,1-1,FC Barcelona,Starter,90,0,0,0,10
370,28-01-2012,La Liga,Villarreal,0-0,FC Barcelona,Starter,90,0,0,0,10
369,25-01-2012,Copa del Rey,FC Barcelona,2-2,Real Madrid,Starter,90,0,1,1,10
368,22-01-2012,La Liga,Málaga,1-4,FC Barcelona,Starter,90,3,0,0,10
367,18-01-2012,Copa del Rey,Real Madrid,1-2,FC Barcelona,Starter,90,0,1,0,10
366,15-01-2012,La Liga,FC Barcelona,4-2,Real Betis,Starter,90,2,0,1,10
365,12-01-2012,Copa del Rey,Osasuna,1-2,FC Barcelona,Substitute,32,0,1,0,10
364,08-01-2012,La Liga,Espanyol,1-1,FC Barcelona,Starter,90,0,0,1,10
363,04-01-2012,Copa del Rey,FC Barcelona,4-0,Osasuna,Substitute,32,2,0,0,10
362,18-12-2011,FIFA Club World Cup,Santos,0-4,FC Barcelona,Starter,90,2,0,0,10
361,15-12-2011,FIFA Club World Cup,Al-Sadd,0-4,FC Barcelona,Starter,90,0,1,0,10
360,10-12-2011,La Liga,Real Madrid,1-3,FC Barcelona,Starter,90,0,1,1,10
359,03-12-2011,La Liga,FC Barcelona,5-0,Levante,Starter,90,1,1,0,10
358,29-11-2011,La Liga,FC Barcelona,4-0,Rayo Vallecano,Starter,90,1,0,0,10
357,26-11-2011,La Liga,Getafe,1-0,FC Barcelona,Starter,90,0,0,0,10
356,23-11-2011,UEFA Champions League,AC Milan,2-3,FC Barcelona,Starter,90,1,1,1,10
355,19-11-2011,La Liga,FC Barcelona,4-0,Real Zaragoza,Starter,90,1,0,0,10
354,15-11-2011,World Cup 2014 Qualification,Colombia,1-2,Argentina,Starter,90,1,0,0,10
353,11-11-2011,World Cup 2014 Qualification,Argentina,1-1,Bolivia,Starter,90,0,0,0,10
352,06-11-2011,La Liga,Athletic de Bilbao,2-2,FC Barcelona,Starter,90,1,0,0,10
351,01-11-2011,UEFA Champions League,Viktoria Plzen,0-4,FC Barcelona,Starter,90,3,0,0,10
350,29-10-2011,La Liga,FC Barcelona,5-0,Real Mallorca,Starter,90,3,1,0,10
349,25-10-2011,La Liga,Granada,0-1,FC Barcelona,Starter,90,0,0,0,10
348,22-10-2011,La Liga,FC Barcelona,0-0,Sevilla,Starter,90,0,0,0,10
347,19-10-2011,UEFA Champions League,FC Barcelona,2-0,Viktoria Plzen,Starter,90,0,2,0,10
346,15-10-2011,La Liga,FC Barcelona,3-0,Racing Santander,Starter,90,2,0,0,10
345,12-10-2011,World Cup 2014 Qualification,Venezuela,1-0,Argentina,Starter,90,0,0,0,10
344,08-10-2011,World Cup 2014 Qualification,Argentina,4-1,Chile,Starter,90,1,1,0,10
343,02-10-2011,La Liga,Sporting Gijón,0-1,FC Barcelona,Starter,90,0,0,0,10
342,28-09-2011,UEFA Champions League,BATE Borisov,0-5,FC Barcelona,Starter,90,2,0,0,10
341,24-09-2011,La Liga,FC Barcelona,5-0,Atlético Madrid,Starter,90,3,0,0,10
340,21-09-2011,La Liga,Valencia,2-2,FC Barcelona,Starter,90,0,2,0,10
339,17-09-2011,La Liga,FC Barcelona,8-0,Osasuna,Starter,90,3,2,0,10
338,13-09-2011,UEFA Champions League,FC Barcelona,2-2,AC Milan,Starter,90,0,1,0,10
337,10-09-2011,La Liga,Real Sociedad,2-2,FC Barcelona,Substitute,29,0,0,1,10
336,06-09-2011,International friendly,Argentina,3-1,Nigeria,Starter,90,0,1,0,10
335,02-09-2011,International friendly,Venezuela,0-1,Argentina,Starter,90,0,1,0,10
334,29-08-2011,La Liga,FC Barcelona,5-0,Villarreal,Starter,90,2,1,0,10
333,26-08-2011,UEFA European Super Cup,FC Barcelona,2-0,FC Porto,Starter,90,1,1,0,10
332,17-08-2011,Spanish Super Cup,FC Barcelona,3-2,Real Madrid,Starter,90,2,1,0,10
331,14-08-2011,Spanish Super Cup,Real Madrid,2-2,FC Barcelona,Starter,90,1,1,0,10
330,16-07-2011,Copa América 2011,Argentina,1-1,Uruguay,Starter,120,0,1,0,10
329,12-07-2011,Copa América 2011,Argentina,3-0,Costa Rica,Starter,90,0,2,0,10
328,07-07-2011,Copa América 2011,Argentina,0-0,Colombia,Starter,90,0,0,0,10
327,02-07-2011,Copa América 2011,Argentina,1-1,Bolivia,Starter,90,0,0,0,10
326,20-06-2011,International friendly,Argentina,4-0,Albania,Starter,90,1,2,0,10
325,28-05-2011,UEFA Champions League,FC Barcelona,3-1,Manchester United,Starter,90,1,0,0,10
324,11-05-2011,La Liga,Levante,1-1,FC Barcelona,Starter,90,0,0,0,10
323,08-05-2011,La Liga,FC Barcelona,2-0,Espanyol,Starter,90,0,0,0,10
322,03-05-2011,UEFA Champions League,FC Barcelona,1-1,Real Madrid,Starter,90,0,0,0,10
321,30-04-2011,La Liga,Real Sociedad,2-1,FC Barcelona,Starter,90,0,1,0,10
320,27-04-2011,UEFA Champions League,Real Madrid,0-2,FC Barcelona,Starter,90,2,0,0,10
319,23-04-2011,La Liga,FC Barcelona,2-0,Osasuna,Substitute,33,1,0,0,10
318,20-04-2011,Copa del Rey,FC Barcelona,0-1,Real Madrid,Starter,120,0,0,1,10
317,16-04-2011,La Liga,Real Madrid,1-1,FC Barcelona,Starter,90,1,0,0,10
316,12-04-2011,UEFA Champions League,Shakhtar Donetsk,0-1,FC Barcelona,Starter,90,1,0,0,10
315,09-04-2011,La Liga,FC Barcelona,3-1,UD Almería,Starter,90,2,1,0,10
314,06-04-2011,UEFA Champions League,FC Barcelona,5-1,Shakhtar Donetsk,Starter,90,0,1,0,10
313,02-04-2011,La Liga,Villarreal,0-1,FC Barcelona,Substitute,38,0,0,0,10
312,27-03-2011,International friendly,United States,1-1,Argentina,Starter,90,0,0,0,10
311,19-03-2011,La Liga,FC Barcelona,2-1,Getafe,Starter,90,0,1,0,10
310,13-03-2011,La Liga,Sevilla,1-1,FC Barcelona,Starter,90,0,0,0,10
309,08-03-2011,UEFA Champions League,FC Barcelona,3-1,Arsenal,Starter,90,2,0,0,10
308,05-03-2011,La Liga,FC Barcelona,1-0,Real Zaragoza,Starter,90,0,0,0,10
307,02-03-2011,La Liga,Valencia,0-1,FC Barcelona,Starter,90,1,0,1,10
306,26-02-2011,La Liga,Real Mallorca,0-3,FC Barcelona,Starter,90,1,0,0,10
305,20-02-2011,La Liga,FC Barcelona,2-1,Athletic de Bilbao,Starter,90,1,0,0,10
304,16-02-2011,UEFA Champions League,Arsenal,2-1,FC Barcelona,Starter,90,0,1,0,10
303,12-02-2011,La Liga,Sporting Gijón,1-1,FC Barcelona,Starter,90,0,1,0,10
302,09-02-2011,International friendly,Argentina,2-1,Portugal,Starter,90,1,1,0,10
301,05-02-2011,La Liga,FC Barcelona,3-0,Atlético Madrid,Starter,90,3,0,1,10
300,29-01-2011,La Liga,Hercules Alicante,0-3,FC Barcelona,Starter,90,2,0,0,10
299,26-01-2011,Copa del Rey,FC Barcelona,5-0,UD Almería,Starter,90,2,1,0,10
298,22-01-2011,La Liga,FC Barcelona,3-0,Racing Santander,Starter,90,1,1,1,10
297,19-01-2011,Copa del Rey,Real Betis,3-1,FC Barcelona,Starter,90,1,0,0,10
296,16-01-2011,La Liga,FC Barcelona,4-1,Málaga,Starter,90,0,1,0,10
295,12-01-2011,Copa del Rey,FC Barcelona,5-0,Real Betis,Starter,85,3,0,0,10
294,08-01-2011,La Liga,Deportivo La Coruña,0-4,FC Barcelona,Starter,90,1,2,0,10
293,05-01-2011,Copa del Rey,Athletic de Bilbao,1-1,FC Barcelona,Starter,90,0,1,0,10
292,21-12-2010,Copa del Rey,FC Barcelona,0-0,Athletic de Bilbao,Substitute,38,0,0,0,10
291,18-12-2010,La Liga,Espanyol,1-5,FC Barcelona,Starter,90,0,2,0,10
290,12-12-2010,La Liga,FC Barcelona,5-0,Real Sociedad,Starter,90,2,0,0,10
289,07-12-2010,UEFA Champions League,FC Barcelona,2-0,Rubin Kazan,Substitute,28,0,0,0,10
288,04-12-2010,La Liga,Osasuna,0-3,FC Barcelona,Starter,90,2,1,0,10
287,29-11-2010,La Liga,FC Barcelona,5-0,Real Madrid,Starter,90,0,2,1,10
286,24-11-2010,UEFA Champions League,Panathinaikos,0-3,FC Barcelona,Starter,90,1,0,0,10
285,20-11-2010,La Liga,UD Almería,0-8,FC Barcelona,Starter,90,3,2,0,10
284,17-11-2010,International friendly,Argentina,1-0,Brazil,Starter,90,1,0,1,10
283,13-11-2010,La Liga,FC Barcelona,3-1,Villarreal,Starter,90,2,0,0,10
282,10-11-2010,Copa del Rey,FC Barcelona,5-1,AD Ceuta,Substitute,30,1,0,0,10
281,07-11-2010,La Liga,Getafe,1-3,FC Barcelona,Starter,90,1,1,0,10
280,02-11-2010,UEFA Champions League,FC Copenhagen,1-1,FC Barcelona,Starter,90,1,0,0,10
279,30-10-2010,La Liga,FC Barcelona,5-0,Sevilla,Starter,90,2,1,0,10
278,23-10-2010,La Liga,Real Zaragoza,0-2,FC Barcelona,Starter,90,2,0,0,10
277,20-10-2010,UEFA Champions League,FC Barcelona,2-0,FC Copenhagen,Starter,90,2,0,0,10
276,16-10-2010,La Liga,FC Barcelona,2-1,Valencia,Starter,90,0,0,0,10
275,08-10-2010,International friendly,Japan,1-0,Argentina,Starter,90,0,0,0,10
274,03-10-2010,La Liga,FC Barcelona,1-1,Real Mallorca,Starter,90,1,0,0,10
273,29-09-2010,UEFA Champions League,Rubin Kazan,1-1,FC Barcelona,Substitute,30,0,0,0,10
272,19-09-2010,La Liga,Atlético Madrid,1-2,FC Barcelona,Starter,90,1,1,0,10
271,14-09-2010,UEFA Champions League,FC Barcelona,5-1,Panathinaikos,Starter,90,2,1,0,10
270,11-09-2010,La Liga,FC Barcelona,0-2,Hercules Alicante,Starter,90,0,0,0,10
269,07-09-2010,International friendly,Argentina,4-1,Spain,Starter,89,1,0,0,10
268,29-08-2010,La Liga,Racing Santander,0-3,FC Barcelona,Starter,90,1,0,0,10
267,21-08-2010,Spanish Super Cup,FC Barcelona,4-0,Sevilla,Starter,90,3,0,0,10
266,14-08-2010,Spanish Super Cup,Sevilla,3-1,FC Barcelona,Substitute,38,0,0,0,10
265,11-08-2010,International friendly,Republic of Ireland,0-1,Argentina,Starter,57,0,0,0,10
264,03-07-2010,World Cup 2010,Argentina,0-4,Germany,Starter,90,0,0,0,10
263,27-06-2010,World Cup 2010,Argentina,3-1,Mexico,Starter,90,0,1,0,10
262,22-06-2010,World Cup 2010,Greece,0-2,Argentina,Starter,90,0,0,0,10
261,17-06-2010,World Cup 2010,Argentina,4-1,Korea Republic,Starter,90,0,0,0,10
260,12-06-2010,World Cup 2010,Argentina,1-0,Nigeria,Starter,90,0,0,0,10
259,16-05-2010,La Liga,FC Barcelona,4-0,Real Valladolid,Starter,90,2,1,0,10
258,08-05-2010,La Liga,Sevilla,2-3,FC Barcelona,Starter,90,1,0,0,10
257,04-05-2010,La Liga,FC Barcelona,4-1,Tenerife,Starter,90,2,0,0,10
256,01-05-2010,La Liga,Villarreal,1-4,FC Barcelona,Starter,89,2,0,0,10
255,28-04-2010,UEFA Champions League,FC Barcelona,1-0,Internazionale,Starter,90,0,0,0,10
254,24-04-2010,La Liga,FC Barcelona,3-1,Xerez,Substitute,39,0,0,0,10
253,20-04-2010,UEFA Champions League,Internazionale,3-1,FC Barcelona,Starter,90,0,0,0,10
252,17-04-2010,La Liga,Espanyol,0-0,FC Barcelona,Starter,90,0,0,0,10
251,14-04-2010,La Liga,FC Barcelona,3-0,Deportivo La Coruña,Starter,90,0,0,0,10
250,10-04-2010,La Liga,Real Madrid,0-2,FC Barcelona,Starter,90,1,0,1,10
249,06-04-2010,UEFA Champions League,FC Barcelona,4-1,Arsenal,Starter,90,4,0,0,10
248,03-04-2010,La Liga,FC Barcelona,4-1,Athletic de Bilbao,Starter,90,1,0,0,10
247,31-03-2010,UEFA Champions League,Arsenal,2-2,FC Barcelona,Starter,86,0,0,0,10
246,27-03-2010,La Liga,Real Mallorca,0-1,FC Barcelona,Substitute,40,0,0,0,10
245,24-03-2010,La Liga,FC Barcelona,2-0,Osasuna,Starter,90,0,0,1,10
244,21-03-2010,La Liga,Real Zaragoza,2-4,FC Barcelona,Starter,90,3,0,0,10
243,17-03-2010,UEFA Champions League,FC Barcelona,4-0,VfB Stuttgart,Starter,90,2,0,0,10
242,14-03-2010,La Liga,FC Barcelona,3-0,Valencia,Starter,87,3,0,0,10
241,06-03-2010,La Liga,UD Almería,2-2,FC Barcelona,Starter,90,2,0,0,10
240,03-03-2010,International friendly,Germany,0-1,Argentina,Starter,90,0,0,1,10
239,27-02-2010,La Liga,FC Barcelona,2-1,Málaga,Starter,90,1,0,0,10
238,23-02-2010,UEFA Champions League,VfB Stuttgart,1-1,FC Barcelona,Starter,90,0,0,0,10
237,20-02-2010,La Liga,FC Barcelona,4-0,Racing Santander,Starter,90,0,1,0,10
236,14-02-2010,La Liga,Atlético Madrid,2-1,FC Barcelona,Starter,90,0,0,0,10
235,06-02-2010,La Liga,FC Barcelona,2-1,Getafe,Starter,90,1,1,0,10
234,30-01-2010,La Liga,Sporting Gijón,0-1,FC Barcelona,Starter,90,0,0,1,10
233,23-01-2010,La Liga,Real Valladolid,0-3,FC Barcelona,Starter,90,1,1,0,10
232,16-01-2010,La Liga,FC Barcelona,4-0,Sevilla,Starter,90,2,0,0,10
231,13-01-2010,Copa del Rey,Sevilla,0-1,FC Barcelona,Starter,90,0,0,1,10
230,10-01-2010,La Liga,Tenerife,0-5,FC Barcelona,Starter,90,3,1,0,10
229,05-01-2010,Copa del Rey,FC Barcelona,1-2,Sevilla,Starter,90,0,0,0,10
228,19-12-2009,FIFA Club World Cup,Estudiantes La Plata,1-2,FC Barcelona,Starter,120,1,0,1,10
227,16-12-2009,FIFA Club World Cup,Atlante,1-3,FC Barcelona,Substitute,38,1,0,0,10
226,09-12-2009,UEFA Champions League,Dynamo Kyiv,1-2,FC Barcelona,Starter,90,1,0,0,10
225,05-12-2009,La Liga,Deportivo La Coruña,1-3,FC Barcelona,Starter,90,2,0,0,10
224,02-12-2009,La Liga,Xerez,0-2,FC Barcelona,Substitute,36,0,1,0,10
223,29-11-2009,La Liga,FC Barcelona,1-0,Real Madrid,Starter,90,0,0,0,10
222,21-11-2009,La Liga,Athletic de Bilbao,1-1,FC Barcelona,Starter,75,0,0,0,10
221,14-11-2009,International friendly,Spain,2-1,Argentina,Starter,83,1,0,0,10
220,10-11-2009,Copa del Rey,FC Barcelona,5-0,Cultural Leonesa,Substitute,30,1,0,0,10
219,07-11-2009,La Liga,FC Barcelona,4-2,Real Mallorca,Substitute,40,1,0,0,10
218,04-11-2009,UEFA Champions League,Rubin Kazan,0-0,FC Barcelona,Starter,90,0,0,0,10
217,31-10-2009,La Liga,Osasuna,1-1,FC Barcelona,Starter,90,0,0,0,10
216,25-10-2009,La Liga,FC Barcelona,6-1,Real Zaragoza,Starter,90,1,1,0,10
215,20-10-2009,UEFA Champions League,FC Barcelona,1-2,Rubin Kazan,Starter,90,0,0,0,10
214,17-10-2009,La Liga,Valencia,0-0,FC Barcelona,Starter,90,0,0,0,10
213,15-10-2009,World Cup 2010 Qualification,Uruguay,0-1,Argentina,Starter,86,0,0,0,10
212,11-10-2009,World Cup 2010 Qualification,Argentina,2-1,Peru,Starter,90,0,0,0,10
211,03-10-2009,La Liga,FC Barcelona,1-0,UD Almería,Starter,90,0,0,0,10
210,29-09-2009,UEFA Champions League,FC Barcelona,2-0,Dynamo Kyiv,Starter,90,1,0,0,10
209,26-09-2009,La Liga,Málaga,0-2,FC Barcelona,Starter,90,0,1,0,10
208,22-09-2009,La Liga,Racing Santander,1-4,FC Barcelona,Starter,63,2,1,0,10
207,19-09-2009,La Liga,FC Barcelona,5-2,Atlético Madrid,Starter,90,2,1,0,10
206,16-09-2009,UEFA Champions League,Internazionale,0-0,FC Barcelona,Starter,90,0,0,0,10
205,12-09-2009,La Liga,Getafe,0-2,FC Barcelona,Substitute,33,1,0,0,10
204,10-09-2009,World Cup 2010 Qualification,Paraguay,1-0,Argentina,Starter,90,0,0,0,10
203,06-09-2009,World Cup 2010 Qualification,Argentina,1-3,Brazil,Starter,90,0,0,0,10
202,28-08-2009,UEFA European Super Cup,FC Barcelona,1-0,Shakhtar Donetsk,Starter,120,0,1,1,10
201,23-08-2009,Spanish Super Cup,FC Barcelona,3-0,Athletic de Bilbao,Starter,90,2,0,0,10
200,10-06-2009,World Cup 2010 Qualification,Ecuador,2-0,Argentina,Starter,90,0,0,0,10
199,06-06-2009,World Cup 2010 Qualification,Argentina,1-0,Colombia,Starter,90,0,0,0,10
198,27-05-2009,UEFA Champions League,FC Barcelona,2-0,Manchester United,Starter,90,1,0,0,10
197,13-05-2009,Copa del Rey,Athletic de Bilbao,1-4,FC Barcelona,Starter,90,1,1,1,10
196,10-05-2009,La Liga,FC Barcelona,3-3,Villarreal,Starter,89,0,0,0,10
195,06-05-2009,UEFA Champions League,Chelsea,1-1,FC Barcelona,Starter,90,0,1,0,10
194,02-05-2009,La Liga,Real Madrid,2-6,FC Barcelona,Starter,90,2,1,0,10
193,28-04-2009,UEFA Champions League,FC Barcelona,0-0,Chelsea,Starter,90,0,0,0,10
192,25-04-2009,La Liga,Valencia,2-2,FC Barcelona,Starter,90,1,0,0,10
191,18-04-2009,La Liga,Getafe,0-1,FC Barcelona,Starter,90,1,0,0,10
190,14-04-2009,UEFA Champions League,Bayern München,1-1,FC Barcelona,Starter,90,0,0,0,10
189,11-04-2009,La Liga,FC Barcelona,2-0,Recreativo Huelva,Starter,90,0,0,0,10
188,08-04-2009,UEFA Champions League,FC Barcelona,4-0,Bayern München,Starter,90,2,1,1,10
187,04-04-2009,La Liga,Real Valladolid,0-1,FC Barcelona,Substitute,32,0,0,0,10
186,01-04-2009,World Cup 2010 Qualification,Bolivia,6-1,Argentina,Starter,90,0,0,0,10
185,28-03-2009,World Cup 2010 Qualification,Argentina,4-0,Venezuela,Starter,90,1,1,0,10
184,22-03-2009,La Liga,FC Barcelona,6-0,Málaga,Starter,90,1,0,0,10
183,15-03-2009,La Liga,UD Almería,0-2,FC Barcelona,Starter,90,0,0,0,10
182,11-03-2009,UEFA Champions League,FC Barcelona,5-2,Olympique Lyonnais,Starter,90,1,0,0,10
181,07-03-2009,La Liga,FC Barcelona,2-0,Athletic de Bilbao,Starter,90,1,0,0,10
180,04-03-2009,Copa del Rey,Real Mallorca,1-1,FC Barcelona,Substitute,33,1,0,0,10
179,01-03-2009,La Liga,Atlético Madrid,4-3,FC Barcelona,Starter,90,1,0,1,10
178,24-02-2009,UEFA Champions League,Olympique Lyonnais,1-1,FC Barcelona,Starter,90,0,0,0,10
177,21-02-2009,La Liga,FC Barcelona,1-2,Espanyol,Starter,90,0,0,0,10
176,14-02-2009,La Liga,Real Betis,2-2,FC Barcelona,Substitute,34,0,0,0,10
175,11-02-2009,International friendly,France,0-2,Argentina,Starter,90,1,0,0,18
174,08-02-2009,La Liga,FC Barcelona,3-1,Sporting Gijón,Starter,90,0,2,0,10
173,05-02-2009,Copa del Rey,FC Barcelona,2-0,Real Mallorca,Substitute,36,0,0,0,10
172,01-02-2009,La Liga,Racing Santander,1-2,FC Barcelona,Substitute,32,2,0,0,10
171,29-01-2009,Copa del Rey,FC Barcelona,3-2,Espanyol,Starter,90,0,0,0,10
170,24-01-2009,La Liga,FC Barcelona,4-1,Numancia,Starter,90,2,1,0,10
169,21-01-2009,Copa del Rey,Espanyol,0-0,FC Barcelona,Substitute,16,0,0,0,10
168,17-01-2009,La Liga,FC Barcelona,5-0,Deportivo La Coruña,Starter,90,1,0,0,10
167,14-01-2009,Copa del Rey,FC Barcelona,2-1,Atlético Madrid,Substitute,19,0,0,0,10
166,11-01-2009,La Liga,Osasuna,2-3,FC Barcelona,Starter,90,1,1,0,10
165,06-01-2009,Copa del Rey,Atlético Madrid,1-3,FC Barcelona,Starter,80,3,0,0,10
164,21-12-2008,La Liga,Villarreal,1-2,FC Barcelona,Starter,90,0,0,0,10
163,13-12-2008,La Liga,FC Barcelona,2-0,Real Madrid,Starter,90,1,0,1,10
162,06-12-2008,La Liga,FC Barcelona,4-0,Valencia,Starter,81,0,0,0,10
161,29-11-2008,La Liga,Sevilla,0-3,FC Barcelona,Starter,90,2,0,0,10
160,26-11-2008,UEFA Champions League,Sporting Lisbon,2-5,FC Barcelona,Starter,56,1,1,0,10
159,16-11-2008,La Liga,Recreativo Huelva,0-2,FC Barcelona,Starter,90,1,0,0,10
158,12-11-2008,Copa del Rey,FC Barcelona,1-0,Benidorm,Starter,87,1,0,0,10
157,08-11-2008,La Liga,FC Barcelona,6-0,Real Valladolid,Starter,90,0,1,0,10
156,04-11-2008,UEFA Champions League,FC Barcelona,1-1,FC Basel,Substitute,31,1,0,0,10
155,01-11-2008,La Liga,Málaga,1-4,FC Barcelona,Starter,78,1,0,0,10
154,25-10-2008,La Liga,FC Barcelona,5-0,UD Almería,Starter,90,0,2,0,10
153,22-10-2008,UEFA Champions League,FC Basel,0-5,FC Barcelona,Starter,90,1,2,0,10
152,16-10-2008,World Cup 2010 Qualification,Chile,1-0,Argentina,Starter,90,0,0,0,18
151,11-10-2008,World Cup 2010 Qualification,Argentina,2-1,Uruguay,Starter,87,1,0,1,18
150,04-10-2008,La Liga,FC Barcelona,6-1,Atlético Madrid,Starter,69,1,0,0,10
149,01-10-2008,UEFA Champions League,Shakhtar Donetsk,1-2,FC Barcelona,Substitute,31,2,0,0,10
148,27-09-2008,La Liga,Espanyol,1-2,FC Barcelona,Starter,90,1,0,0,10
147,24-09-2008,La Liga,FC Barcelona,3-2,Real Betis,Starter,90,0,2,0,10
146,21-09-2008,La Liga,Sporting Gijón,1-6,FC Barcelona,Starter,90,2,1,0,10
145,16-09-2008,UEFA Champions League,FC Barcelona,3-1,Sporting Lisbon,Starter,90,0,0,0,10
144,13-09-2008,La Liga,FC Barcelona,1-1,Racing Santander,Substitute,32,1,0,0,10
143,11-09-2008,World Cup 2010 Qualification,Peru,1-1,Argentina,Starter,90,0,0,0,18
142,06-09-2008,World Cup 2010 Qualification,Argentina,1-1,Paraguay,Starter,90,0,1,0,18
141,31-08-2008,La Liga,Numancia,1-0,FC Barcelona,Starter,90,0,0,0,10
140,19-06-2008,World Cup 2010 Qualification,Brazil,0-0,Argentina,Starter,89,0,0,0,18
139,15-06-2008,World Cup 2010 Qualification,Argentina,1-1,Ecuador,Starter,90,0,0,0,18
138,09-06-2008,International friendly,United States,0-0,Argentina,Starter,45,0,0,0,18
137,05-06-2008,International friendly,Mexico,1-4,Argentina,Starter,84,1,1,1,18
136,17-05-2008,La Liga,Real Murcia,3-5,FC Barcelona,Starter,90,0,2,0,19
135,11-05-2008,La Liga,FC Barcelona,2-3,Real Mallorca,Starter,61,0,0,0,19
134,07-05-2008,La Liga,Real Madrid,4-1,FC Barcelona,Starter,90,0,1,0,19
133,04-05-2008,La Liga,FC Barcelona,6-0,Valencia,Starter,90,1,1,0,19
132,29-04-2008,UEFA Champions League,Manchester United,1-0,FC Barcelona,Starter,90,0,0,0,19
131,23-04-2008,UEFA Champions League,FC Barcelona,0-0,Manchester United,Starter,61,0,0,0,19
130,19-04-2008,La Liga,FC Barcelona,0-0,Espanyol,Substitute,45,0,0,1,19
129,12-04-2008,La Liga,Recreativo Huelva,2-2,FC Barcelona,Substitute,26,0,0,0,19
128,04-03-2008,UEFA Champions League,FC Barcelona,1-0,Celtic,Starter,37,0,0,0,19
127,01-03-2008,La Liga,Atlético Madrid,4-2,FC Barcelona,Substitute,34,0,0,0,19
126,27-02-2008,Copa del Rey,FC Barcelona,1-1,Valencia,Starter,90,0,0,1,19
125,24-02-2008,La Liga,FC Barcelona,5-1,Levante,Starter,80,1,2,0,19
124,20-02-2008,UEFA Champions League,Celtic,2-3,FC Barcelona,Starter,90,2,0,0,19
123,16-02-2008,La Liga,Real Zaragoza,1-2,FC Barcelona,Starter,79,0,0,0,19
122,09-02-2008,La Liga,Sevilla,1-1,FC Barcelona,Starter,90,0,1,1,19
121,03-02-2008,La Liga,FC Barcelona,1-0,Osasuna,Starter,67,0,0,0,19
120,31-01-2008,Copa del Rey,FC Barcelona,1-0,Villarreal,Starter,90,0,0,0,19
119,27-01-2008,La Liga,Athletic de Bilbao,1-1,FC Barcelona,Starter,90,0,0,0,19
118,24-01-2008,Copa del Rey,Villarreal,0-0,FC Barcelona,Substitute,45,0,0,1,19
117,20-01-2008,La Liga,FC Barcelona,1-0,Racing Santander,Substitute,25,0,0,0,19
116,15-12-2007,La Liga,Valencia,0-3,FC Barcelona,Starter,44,0,2,0,19
115,09-12-2007,La Liga,FC Barcelona,2-1,Deportivo La Coruña,Starter,90,0,0,0,19
114,01-12-2007,La Liga,Espanyol,1-1,FC Barcelona,Starter,90,0,1,0,19
113,27-11-2007,UEFA Champions League,Olympique Lyonnais,2-2,FC Barcelona,Starter,90,1,0,1,19
112,24-11-2007,La Liga,FC Barcelona,3-0,Recreativo Huelva,Starter,90,1,0,0,19
111,21-11-2007,World Cup 2010 Qualification,Colombia,2-1,Argentina,Starter,90,1,0,0,18
110,17-11-2007,World Cup 2010 Qualification,Argentina,3-0,Bolivia,Starter,90,0,1,0,18
109,10-11-2007,La Liga,Getafe,2-0,FC Barcelona,Starter,71,0,0,0,19
108,07-11-2007,UEFA Champions League,FC Barcelona,2-0,Glasgow Rangers,Starter,90,1,1,0,19
107,04-11-2007,La Liga,FC Barcelona,3-0,Real Betis,Starter,90,0,0,0,19
106,01-11-2007,La Liga,Real Valladolid,1-1,FC Barcelona,Starter,90,0,0,0,19
105,28-10-2007,La Liga,FC Barcelona,2-0,UD Almería,Substitute,16,1,0,0,19
104,23-10-2007,UEFA Champions League,Glasgow Rangers,0-0,FC Barcelona,Starter,90,0,0,0,19
103,20-10-2007,La Liga,Villarreal,3-1,FC Barcelona,Starter,90,0,1,0,19
102,17-10-2007,World Cup 2010 Qualification,Venezuela,0-2,Argentina,Starter,90,1,0,0,18
101,13-10-2007,World Cup 2010 Qualification,Argentina,2-0,Chile,Starter,83,0,0,0,18
100,07-10-2007,La Liga,FC Barcelona,3-0,Atlético Madrid,Starter,90,1,0,0,19
99,02-10-2007,UEFA Champions League,VfB Stuttgart,0-2,FC Barcelona,Starter,90,1,0,1,19
98,29-09-2007,La Liga,Levante,1-4,FC Barcelona,Starter,51,1,1,0,19
97,26-09-2007,La Liga,FC Barcelona,4-1,Real Zaragoza,Starter,82,2,0,0,19
96,22-09-2007,La Liga,FC Barcelona,2-1,Sevilla,Starter,88,2,0,0,19
95,19-09-2007,UEFA Champions League,FC Barcelona,3-0,Olympique Lyonnais,Starter,87,1,0,0,19
94,11-09-2007,International friendly,Australia,0-1,Argentina,Starter,89,0,1,0,19
93,02-09-2007,La Liga,FC Barcelona,3-1,Athletic de Bilbao,Starter,90,0,0,0,19
92,26-08-2007,La Liga,Racing Santander,0-0,FC Barcelona,Starter,61,0,0,0,19
91,22-08-2007,International friendly,Norway,2-1,Argentina,Starter,90,0,0,0,19
90,15-07-2007,Copa América 2007,Brazil,3-0,Argentina,Starter,90,0,0,0,18
89,12-07-2007,Copa América 2007,Mexico,0-3,Argentina,Starter,90,1,0,1,18
88,09-07-2007,Copa América 2007,Argentina,4-0,Peru,Starter,90,1,0,0,18
87,06-07-2007,Copa América 2007,Argentina,1-0,Paraguay,Substitute,24,0,0,0,18
86,03-07-2007,Copa América 2007,Argentina,4-2,Colombia,Starter,83,0,0,0,18
85,29-06-2007,Copa América 2007,Argentina,4-1,United States,Starter,78,0,1,0,18
84,17-06-2007,La Liga,Gimnàstic,1-5,FC Barcelona,Starter,81,2,1,0,19
83,09-06-2007,La Liga,FC Barcelona,2-2,Espanyol,Starter,90,2,0,0,19
82,05-06-2007,International friendly,Argentina,4-3,Algeria,Starter,90,2,0,0,18
81,02-06-2007,International friendly,Switzerland,1-1,Argentina,Starter,88,0,1,0,18
80,26-05-2007,La Liga,FC Barcelona,1-0,Getafe,Starter,89,0,0,0,19
79,20-05-2007,La Liga,Atlético Madrid,0-6,FC Barcelona,Starter,90,2,0,0,19
78,13-05-2007,La Liga,FC Barcelona,1-1,Real Betis,Starter,74,0,0,0,19
77,05-05-2007,La Liga,Real Sociedad,0-2,FC Barcelona,Starter,89,0,0,0,19
76,29-04-2007,La Liga,FC Barcelona,1-0,Levante,Starter,90,0,0,0,19
75,22-04-2007,La Liga,Villarreal,2-0,FC Barcelona,Starter,90,0,0,0,19
74,18-04-2007,Copa del Rey,FC Barcelona,5-2,Getafe,Starter,76,2,1,0,19
73,15-04-2007,La Liga,FC Barcelona,1-0,Real Mallorca,Starter,90,0,0,0,19
72,07-04-2007,La Liga,Real Zaragoza,1-0,FC Barcelona,Starter,90,0,0,1,19
71,31-03-2007,La Liga,FC Barcelona,2-1,Deportivo La Coruña,Starter,84,1,0,0,19
70,17-03-2007,La Liga,Recreativo Huelva,0-4,FC Barcelona,Starter,90,1,0,0,19
69,10-03-2007,La Liga,FC Barcelona,3-3,Real Madrid,Starter,90,3,0,0,19
68,06-03-2007,UEFA Champions League,Liverpool,0-1,FC Barcelona,Starter,90,0,0,0,19
67,03-03-2007,La Liga,Sevilla,2-1,FC Barcelona,Starter,70,0,0,0,19
66,28-02-2007,Copa del Rey,Real Zaragoza,1-2,FC Barcelona,Starter,90,0,0,1,19
65,25-02-2007,La Liga,FC Barcelona,3-0,Athletic de Bilbao,Substitute,24,0,0,0,19
64,21-02-2007,UEFA Champions League,FC Barcelona,1-2,Liverpool,Starter,90,0,0,0,19
63,18-02-2007,La Liga,Valencia,2-1,FC Barcelona,Substitute,35,0,0,0,19
62,11-02-2007,La Liga,FC Barcelona,2-0,Racing Santander,Substitute,23,0,0,0,19
61,12-11-2006,La Liga,FC Barcelona,3-1,Real Zaragoza,Starter,22,0,0,0,19
60,04-11-2006,La Liga,Deportivo La Coruña,1-1,FC Barcelona,Starter,90,0,0,0,19
59,31-10-2006,UEFA Champions League,FC Barcelona,2-2,Chelsea,Starter,90,0,0,1,19
58,22-10-2006,La Liga,Real Madrid,2-0,FC Barcelona,Starter,90,0,0,0,19
57,18-10-2006,UEFA Champions League,Chelsea,1-0,FC Barcelona,Starter,90,0,0,0,19
56,15-10-2006,La Liga,FC Barcelona,3-1,Sevilla,Starter,90,1,0,0,19
55,11-10-2006,International friendly,Spain,2-1,Argentina,Starter,61,0,0,0,19
54,30-09-2006,La Liga,Athletic de Bilbao,1-3,FC Barcelona,Starter,90,0,0,1,19
53,27-09-2006,UEFA Champions League,Werder Bremen,1-1,FC Barcelona,Substitute,26,1,0,0,19
52,24-09-2006,La Liga,FC Barcelona,1-1,Valencia,Starter,84,0,0,0,19
51,17-09-2006,La Liga,Racing Santander,0-3,FC Barcelona,Starter,64,0,0,0,19
50,09-09-2006,La Liga,FC Barcelona,3-0,Osasuna,Starter,90,1,0,0,19
49,03-09-2006,International friendly,Brazil,3-0,Argentina,Starter,90,0,0,0,19
48,28-08-2006,La Liga,Celta de Vigo,2-3,FC Barcelona,Starter,90,1,1,0,19
47,25-08-2006,UEFA European Super Cup,FC Barcelona,0-3,Sevilla,Starter,90,0,0,0,19
46,20-08-2006,Spanish Super Cup,FC Barcelona,3-0,Espanyol,Starter,90,0,0,0,19
45,17-08-2006,Spanish Super Cup,Espanyol,0-1,FC Barcelona,Substitute,31,0,0,0,19
44,24-06-2006,World Cup 2006,Argentina,2-1,Mexico,Substitute,37,0,0,0,19
43,21-06-2006,World Cup 2006,Netherlands,0-0,Argentina,Starter,69,0,0,0,19
42,16-06-2006,World Cup 2006,Argentina,6-0,Serbia and Montenegro,Substitute,16,1,1,0,19
41,30-05-2006,International friendly,Argentina,2-0,Angola,Substitute,27,0,0,0,19
40,07-03-2006,UEFA Champions League,FC Barcelona,1-1,Chelsea,Starter,24,0,0,0,30
39,01-03-2006,International friendly,Croatia,3-2,Argentina,Starter,90,1,1,0,19
38,25-02-2006,La Liga,Real Zaragoza,0-2,FC Barcelona,Starter,69,0,0,0,30
37,22-02-2006,UEFA Champions League,Chelsea,1-2,FC Barcelona,Starter,90,0,0,0,30
36,18-02-2006,La Liga,FC Barcelona,5-1,Real Betis,Substitute,14,1,0,0,19
35,05-02-2006,La Liga,FC Barcelona,1-3,Atlético Madrid,Starter,45,0,0,0,30
34,01-02-2006,Copa del Rey,FC Barcelona,2-1,Real Zaragoza,Starter,90,1,0,0,30
33,29-01-2006,La Liga,Real Mallorca,0-3,FC Barcelona,Substitute,19,2,0,0,30
32,26-01-2006,Copa del Rey,Real Zaragoza,4-2,FC Barcelona,Starter,90,0,0,0,30
31,22-01-2006,La Liga,FC Barcelona,2-0,Alavés,Substitute,19,1,0,0,30
30,15-01-2006,La Liga,FC Barcelona,2-1,Athletic de Bilbao,Starter,82,1,0,0,30
29,07-01-2006,La Liga,Espanyol,1-2,FC Barcelona,Starter,77,0,0,0,30
28,20-12-2005,La Liga,FC Barcelona,2-0,Celta de Vigo,Starter,66,0,0,0,30
27,17-12-2005,La Liga,Cádiz,1-3,FC Barcelona,Starter,81,0,1,0,30
26,11-12-2005,La Liga,FC Barcelona,2-1,Sevilla,Starter,62,0,0,1,30
25,04-12-2005,La Liga,Villarreal,0-2,FC Barcelona,Starter,80,0,0,0,30
24,27-11-2005,La Liga,FC Barcelona,4-1,Racing Santander,Starter,66,1,0,0,30
23,19-11-2005,La Liga,Real Madrid,0-3,FC Barcelona,Starter,69,0,1,0,30
22,16-11-2005,International friendly,Qatar,0-3,Argentina,Starter,80,0,1,0,18
21,06-11-2005,La Liga,Getafe,1-3,FC Barcelona,Substitute,22,0,0,0,30
20,02-11-2005,UEFA Champions League,FC Barcelona,5-0,Panathinaikos,Starter,90,1,1,0,30
19,26-10-2005,La Liga,FC Barcelona,2-0,Málaga,Substitute,29,0,0,0,30
18,22-10-2005,La Liga,FC Barcelona,3-0,Osasuna,Starter,90,0,0,1,30
17,18-10-2005,UEFA Champions League,Panathinaikos,0-0,FC Barcelona,Substitute,24,0,0,0,30
16,12-10-2005,World Cup 2006 Qualification,Uruguay,1-0,Argentina,Substitute,11,0,0,0,19
15,10-10-2005,World Cup 2006 Qualification,Argentina,2-0,Peru,Starter,90,0,0,0,19
14,01-10-2005,La Liga,FC Barcelona,2-2,Real Zaragoza,Substitute,25,0,0,0,30
13,27-09-2005,UEFA Champions League,FC Barcelona,4-1,Udinese,Starter,69,0,0,0,30
12,14-09-2005,UEFA Champions League,Werder Bremen,0-2,FC Barcelona,Substitute,25,0,0,0,30
11,03-09-2005,World Cup 2006 Qualification,Paraguay,1-0,Argentina,Substitute,10,0,0,0,18
10,17-08-2005,International friendly,Hungary,1-2,Argentina,Substitute,2,0,0,1,18
9,01-05-2005,La Liga,FC Barcelona,2-0,Albacete,Substitute,3,1,0,0,30
8,17-04-2005,La Liga,FC Barcelona,2-0,Getafe,Substitute,5,0,0,0,30
7,21-12-2004,La Liga,FC Barcelona,2-1,Levante,Substitute,33,0,0,0,30
6,11-12-2004,La Liga,Albacete,1-2,FC Barcelona,Substitute,1,0,0,0,30
5,07-12-2004,UEFA Champions League,Shakhtar Donetsk,2-0,FC Barcelona,Starter,90,0,0,0,30
4,04-12-2004,La Liga,FC Barcelona,4-0,Málaga,Substitute,8,0,0,0,30
3,27-10-2004,Copa del Rey,Gramenet,1-0,FC Barcelona,Starter,72,0,0,0,30
2,24-10-2004,La Liga,FC Barcelona,3-0,Osasuna,Substitute,18,0,0,0,30
1,16-10-2004,La Liga,Espanyol,0-1,FC Barcelona,Substitute,7,0,0,0,30
